GL No.|GL Name|Sub-ledger No.|Sub-ledger Name (Alias)|Product|Country|Debit / Credit|Currency| CRR Balance as at Dec 31, 2013 | CRR Balance (HKD) as at Dec 31, 2013 |FX Rate to HKD (determined by column I & J)|Column1
43100|DC Merchant Commission - Offline|||Offline|China|Credit|GBP| (1,987.34)| (25,346.29)||
43100|DC Merchant Commission - Offline|||Offline|China|Credit|HKD| (620,346.83)| (620,346.83)||
43100|DC Merchant Commission - Offline|||Offline|China|Credit|RMB| (285,879,708.34)| (352,808,567.52)||
43110|DC Merchant Commission - Hybrid|||Hybrid|China|Credit|RMB| (580,993,339.32)| (719,408,284.04)||
43120|DC Merchant Commission - Gateway|||Gateway|China|Credit|EUR| (293.77)| (3,102.45)||
43120|DC Merchant Commission - Gateway|||Gateway|China|Credit|GBP| (6.60)| (82.84)||
43120|DC Merchant Commission - Gateway|||Gateway|China|Credit|HKD| (11,024,693.48)| (11,024,693.48)||
43120|DC Merchant Commission - Gateway|||Gateway|China|Credit|RMB| (19,891,374.25)| (24,924,826.61)||
43120|DC Merchant Commission - Gateway|||Gateway|China|Credit|USD| (1,407,322.65)| (10,916,552.23)||
43130|DC Merchant Commission - Mobile |||Mobile|China|Credit|RMB| (10,885,750.40)| (13,705,800.32)||
43140|DC Merchant Commission - Offline Taiwan|||Offline|Taiwan|Credit|TWD| (1,010,351.03)| (262,324.33)||
43150|DC Merchant Commission - Voucher|||Voucher|China|Credit|RMB| (1.62)| (2.05)||
43160|DC Merchant Commission - WebATM|||WebATM|Taiwan|Credit|TWD| (56,735,168.43)| (14,821,179.33)||
43200|Local Payout Fees - Offline|||Offline|China|Credit|RMB| (133,131,699.74)| (164,635,063.78)||
43210|Local Payout Fees - Hybrid|||Hybrid|China|Credit|RMB| (79.88)| (94.58)||
43220|Local Payout Fees - Gateway|||Gateway|China|Credit|EUR| (7.50)| (83.43)||
43220|Local Payout Fees - Gateway|||Gateway|China|Credit|RMB| (9,672,157.60)| (12,135,463.16)||
43220|Local Payout Fees - Gateway|||Gateway|China|Credit|USD| (26,234.27)| (203,643.84)||
43230|Local Payout Fees - WebATM|||WebATM|Taiwan|Credit|TWD| (16,277,043.92)| (4,257,092.30)||
43300|FX Markup Fees - Offline|||Offline|China|Credit|GBP| (2,459.61)| (30,044.02)||
43300|FX Markup Fees - Offline|||Offline|China|Credit|HKD| (559,511.92)| (559,511.92)||
43300|FX Markup Fees - Offline|||Offline|China|Credit|RMB| (150,327.49)| (184,402.74)||
43310|FX Markup Fees - Hybrid|||Hybrid|China|Credit|HKD| (53,965,579.47)| (53,965,579.47)||
43320|FX Markup Fees - Gateway|||Gateway|China|Credit|EUR| (39,318.00)| (394,501.07)||
43320|FX Markup Fees - Gateway|||Gateway|China|Credit|GBP| -   | (0.06)||
43320|FX Markup Fees - Gateway|||Gateway|China|Credit|HKD| (5,491,570.33)| (5,491,570.33)||
43320|FX Markup Fees - Gateway|||Gateway|China|Credit|RMB| (23,971,124.30)| (29,607,727.91)||
43320|FX Markup Fees - Gateway|||Gateway|China|Credit|USD| (16,282.91)| (126,248.22)||
43330|FX Markup Fees - Mobile |||Mobile|China||| -   | -   ||
43340|FX Markup Fees - Voucher|||Voucher|China||| -   | -   ||
43350|FX Markup Fees - WebATM|||WebATM|Taiwan||| -   | -   ||
43400|Merchant Settlement Fees - Offline|||Offline|China||| -   |||
43400|Merchant Settlement Fees - Offline|||Offline|Taiwan|Credit|TWD| (291,780.90)| (76,364.44)||
43410|Merchant Settlement Fees - Hybrid|||Hybrid|China|Credit|RMB| (80,439,582.07)| (99,576,205.18)||
43420|Merchant Settlement Fees - Gateway|||Gateway|China||RMB| -   | -   ||
43430|Merchant Settlement Fees - Mobile |||Mobile|China||| -   | -   ||
43440|Merchant Settlement Fees - Voucher|||Voucher|China||| -   | -   ||
43450|Merchant Settlement Fees - WebATM|||WebATM|Taiwan|Credit|TWD| (9,958,365.31)| (2,599,703.65)||
53110|D&W Processing Fees (Offline)|||Offline|China|Debit|RMB| 234,852,940.81 | 290,737,718.17 ||
53110|D&W Processing Fees (Offline)|||Offline|Taiwan|Debit|TWD| -   | -   ||
53110|D&W Processing Fees (Offline)|||Offline|China|Debit|HKD| 139,747.94 | 139,747.94 ||
53120|D&W Processing Fees (Hybrid)|||Hybrid|China|Debit|RMB| 223,422,272.19 | 276,476,085.22 ||
53130|D&W Processing Fees (Gateway)|||Gateway|China|Debit|RMB| 12,108,161.24 | 15,216,465.15 ||
53140|D&W Processing Fees - Mobile |||Mobile|China|Debit|RMB| 4,456,877.60 | 5,606,927.89 ||
53145|D&W Processing Cost - Offline Taiwan|||Offline|Taiwan|Debit|HKD| 106,699.11 | 106,699.11 ||
53145|D&W Processing Cost - Offline Taiwan|||Offline|Taiwan|Debit|TWD| 11,716.00 | 3,031.80 ||
53146|D & W Processing Fees - Voucher|||Voucher|China|Debit|RMB| 1.02 | 1.29 ||
53147|D&W Processing Fees (WebATM)|||WebATM|Taiwan|Debit|TWD| 12,618,002.89 | 3,292,212.99 ||
53160|Bank FX Commission (Offline)|||Offline|China|Debit|GBP| 251.14 | 3,076.20 ||
53160|Bank FX Commission (Offline)|||Offline|China|Debit|HKD| 31,182.39 | 31,182.39 ||
53160|Bank FX Commission (Offline)|||Offline|China|Debit|RMB| 44,426,694.14 | 54,605,235.31 ||
53170|Bank FX Commission (Hybrid)|||Hybrid|China|Debit|EUR| 84.49 | 882.02 ||
53170|Bank FX Commission (Hybrid)|||Hybrid|China|Debit|GBP| 23.79 | 292.02 ||
53170|Bank FX Commission (Hybrid)|||Hybrid|China|Debit|HKD| 3,279,035.65 | 3,279,035.65 ||
53170|Bank FX Commission (Hybrid)|||Hybrid|China|Debit|RMB| 111,892,359.34 | 138,410,761.05 ||
53180|Bank FX Commission (Gateway)|||Gateway|China|Debit|GBP| -   | -   ||
53180|Bank FX Commission (Gateway)|||Gateway|China|Debit|HKD| 171,856.25 | 171,856.25 ||
53180|Bank FX Commission (Gateway)|||Gateway|China|Debit|RMB| 6,225,708.63 | 7,814,884.47 ||
53180|Bank FX Commission (Gateway)|||Gateway|China|Debit|USD| 1,215.33 | 9,423.86 ||
53180|Bank FX Commission (Gateway)|||Gateway|China|Debit|EUR| 1,132.15 | 11,660.17 ||
53190|Bank FX Commission -  Mobile |||Mobile|China|Debit|HKD| 181.18 | 181.18 ||
53190|Bank FX Commission -  Mobile |||Mobile|China|Debit|RMB| 493,772.60 | 616,384.81 ||
53195|Bank FX Commission - Offline Taiwan|||Offline|Taiwan|Debit|HKD| 112,331.07 | 112,331.07 ||
53196|Bank FX Commission -  Voucher|||Voucher|China||| -   | -   ||
53197|Bank FX Commission (WebATM)|||WebATM|Taiwan|Debit|TWD| 1,147,590.00 | 299,128.78 ||
54203|Bad Debt - NBX Asia|||Hybrid|China|Debit|RMB||||product and country not identified
54204|Bad Debt - Asia|||Gateway|China|Debit|RMB||||
54205|Bad Debt - Asia|||Mobile|China|Debit|RMB||||
54206|Bad Debt - Asia|||Offline|China|Debit|RMB||||
54207|Bad Debt - Asia|||Voucher|China|Debit|RMB||||
54208|Bad Debt - Asia|||WebATM|Taiwan|Debit|TWD||||
66600|Verification Expenses|||Shared|China|Credit|RMB| (5,989.76)| (7,180.11)||product and country not identified
66600|Verification Expenses|||WebATM|Taiwan|Credit|TWD| (4,945.00)| (1,299.30)||product and country not identified
82400|Service Charges|||Hybrid|China|Debit|EUR| 25.00 | 258.53 ||
82400|Service Charges|||Hybrid|China|Debit|HKD| 1,168.58 | 1,168.58 ||
91650|FX Gain/Loss|FX001|FX Gain/Loss - Hybrid|Hybrid|China|Credit|HKD| (34,027,013.08)| (34,027,013.08)||
91650|FX Gain/Loss|FX002|FX Gain/Loss - Gateway|Gateway|China|Credit|HKD| (491,866.34)| (491,866.34)||
91650|FX Gain/Loss|FX002|FX Gain/Loss - Gateway|Gateway|China|Debit|RMB| 6,670.07 | 8,147.15 ||
91650|FX Gain/Loss|FX003|FX Gain/Loss - Offline|Offline|China|Credit|HKD| (2,430,558.55)| (2,430,558.55)||
91650|FX Gain/Loss|FX004|FX Gain/Loss - Mobile |Mobile|China||| -   | -   ||
91650|FX Gain/Loss|FX005|FX Gain/Loss - Voucher|Voucher|China||| -   | -   ||
91650|FX Gain/Loss|FX006|FX Gain/Loss - WebATM|WebATM|Taiwan||| -   | -   ||
10129600|Due from China Pay-Direct RMB|CPDIR26(A)|PSP Temperory - Hybrid(Available)|Hybrid|China|Debit|RMB| 6,390.30 | 8,407.55 ||
10129600|Due from China Pay-Direct RMB|CPDIR26(F)|PSP Temperory - Hybrid(Float)|Hybrid|China||| -   | -   ||
10129600|Due from China Pay-Direct RMB|CPDIR27(A)|PSP Temperory  - Gateway(Available)|Gateway|China|Debit|RMB| 1,768.60 | 2,370.03 ||
10129600|Due from China Pay-Direct RMB|CPDIR27(F)|PSP Temperory  - Gateway(Float)|Gateway|China||| -   | -   ||
10129600|Due from China Pay-Direct RMB|CPDIR141(A)|PSP Temperory  - Mobile(Available)|Mobile|China||| -   | -   ||
10129600|Due from China Pay-Direct RMB|CPDIR141(F)|PSP Temperory  - Mobile(Float)|Mobile|China||| -   | -   ||
10129600|Due from China Pay-Direct RMB|CPDIR30(A)|PSP - Mr.Ngan(Available)|Offline|China|Debit|RMB| -   | -   ||
10129600|Due from China Pay-Direct RMB|CPDIR34(A)|PSP - Mr. Peng (Available)|Offline|China|Debit|RMB| -   | -   ||
10129600|Due from China Pay-Direct RMB|CPDIR38(A)|PSP - Mr. Peng Bank-in-transit (Available)|Offline|China|Credit|RMB| (25,847.84)| (34,812.02)||
10129600|Due from China Pay-Direct RMB|CPDIR46(A)|PSP - Mr. Ngan Bank-in-transit (Available)|Offline|China|Debit|RMB| -   | -   ||
10129600|Due from China Pay-Direct RMB|CPDIR48(A)|PSP - Alan (Available)|Offline|China|Debit|RMB| -   | -   ||
10129600|Due from China Pay-Direct RMB|CPDIR52(A)|Haipay-Haipay-2098(Available)|Hybrid|China|Debit|RMB| 2,014,455.54 | 2,448,994.79 ||
10129600|Due from China Pay-Direct RMB|CPDIR52(F)|Haipay-Haipay-2098(Float)        |Hybrid|China||||||
10129600|Due from China Pay-Direct RMB|CPDIR59(A)|Haipay-Haipay-2103(Available)   |Hybrid|China|Debit |RMB| 1,970,143.26 | 2,370,460.04 ||
10129600|Due from China Pay-Direct RMB|CPDIR59(F)|Haipay-Haipay-2103(Float)   |Hybrid|China||||||
10129600|Due from China Pay-Direct RMB|CPDIR84(A)|PSP - Mr. Xiao (Available)|Offline|China|Debit |RMB| -   | -   ||
10129600|Due from China Pay-Direct RMB|CPDIR88(A)|PSP - Mr. Chan (Available)|Offline|China|Debit |RMB| -   | -   ||
10129600|Due from China Pay-Direct RMB|CPDIR102(A)|Haipay-Haipay-0192(Available)|Gateway|China|Debit|RMB| 1,094,899.50 | 1,408,131.67 ||
10129600|Due from China Pay-Direct RMB|CPDIR102(F)|Haipay-Haipay-0192(Float)|Gateway|China||||||
10129600|Due from China Pay-Direct RMB|CPDIR109(A)|Temporary Account – Unknown Txn Offline|Offline|China|Debit|RMB| 1,052,310.42 | 1,336,456.44 ||
10129600|Due from China Pay-Direct RMB|CPDIR115|Temporary Account - Offline pending deposit|Offline|China|Credit|RMB| (148,634.46)| (184,367.32)||
10129600|Due from China Pay-Direct RMB|CPDIR116|Temporary Account - Offline pending payout|Offline|China|Debit|RMB| 981,806.24 | 1,204,659.77 ||
10129600|Due from China Pay-Direct RMB|CPDIR128(A)|PSP - Mr. Xiao Bank-in-transit(Available)|Offline|China|Credit|RMB| (3,039,185.85)| (3,843,000.81)||
10129600|Due from China Pay-Direct RMB|CPDIR139(A)|51ePay-51ePay-10415(Available)|Mobile|China|Debit|RMB| 760,470.36 | 940,182.73 ||
10129600|Due from China Pay-Direct RMB|CPDIR139(F)|51ePay-51ePay-10415(Float)|Mobile|China||||||
10129600|Due from China Pay-Direct RMB|CPDIR140(A)|AllInPay-AllInPay-5001(Available)|Mobile|China|Debit|RMB| 778,235.67 | 949,272.68 ||
10129600|Due from China Pay-Direct RMB|CPDIR140(F)|AllInPay-AllInPay-5001(Float)|Mobile|China||||||
10129600|Due from China Pay-Direct RMB|CPDIR159(A)|ToMerchantPay-GoPay-880111(Available)|Hybrid|China|Debit|RMB| -   | -   ||
10129600|Due from China Pay-Direct RMB|CPDIR159(F)|ToMerchantPay-GoPay-880111(Float)|Hybrid|China||||||
10129600|Due from China Pay-Direct RMB|CPDIR164(A)|ToMerchantPay-YeePay-880112(Available)|Hybrid|China|Debit|RMB| 1,004.28 | (7,287.69)||
10129600|Due from China Pay-Direct RMB|CPDIR164(F)|ToMerchantPay-YeePay-880112(Float)|Hybrid|China||||||
10129600|Due from China Pay-Direct RMB|CPDIR165(A)|LinkinPay-eBatong-045(Available)|Hybrid|China|Debit|RMB| 299,770.20 | 366,451.36 ||
10129600|Due from China Pay-Direct RMB|CPDIR165(F)|LinkinPay-eBatong-045(Float)|Hybrid|China||||||
10129600|Due from China Pay-Direct RMB|CPDIR168(A)|eSkyPay-IPS-1101(Available)|Hybrid|China|Debit|RMB| 532,865.93 | 665,438.45 ||
10129600|Due from China Pay-Direct RMB|CPDIR168(F)|eSkyPay-IPS-1101(Float)|Hybrid|China||||||
10129600|Due from China Pay-Direct RMB|CPDIR169(A)|PSP - Mr. Chan Bank-in-transit(Available)|Offline|China|Debit|RMB| -   | -   ||
10129600|Due from China Pay-Direct RMB|CPDIR171(A)|LinkinPay-YeePay-048(Available)|Hybrid|China||| 20.68 | 25.90 ||
10129600|Due from China Pay-Direct RMB|CPDIR171(F)|LinkinPay-YeePay-048(Float) |Hybrid|China|Debit|RMB||||
10129600|Due from China Pay-Direct RMB|CPDIR173(A)|HaiPay-FL-158(Available)|Hybrid|China|Debit|RMB| 4,106,740.93 | 5,160,125.27 ||
10129600|Due from China Pay-Direct RMB|CPDIR173(F)|HaiPay-FL-158(Float)|Hybrid|China||||||
10129600|Due from China Pay-Direct RMB|CPDIR176(A)|LinkinPay-eBatong-049(Available) |Hybrid|China|Debit|RMB| 302,657.29 | 370,840.40 ||
10129600|Due from China Pay-Direct RMB|CPDIR176(F)|LinkinPay-eBatong-049(Float) |Hybrid|China||||||
10129600|Due from China Pay-Direct RMB|CPDIR179(A)|Huanmei-UnionPay-189(Available)|Hybrid|China|Debit|RMB| 3,459,919.64 | 4,305,153.18 ||
10129600|Due from China Pay-Direct RMB|CPDIR179(F)|Huanmei-UnionPay-189(Float)|Hybrid|China||||||
10129600|Due from China Pay-Direct RMB|CPDIR184(A)|HaiPay-HaiPay-2233(Available)|Gateway|China|Debit|RMB| 491,527.89 | 617,226.22 ||
10129600|Due from China Pay-Direct RMB|CPDIR184(F)|HaiPay-HaiPay-2233(Float)|Gateway|China||||||
10129600|Due from China Pay-Direct RMB|CPDIR185(A)|AllInPay-AllInPay-8003(Available)|Mobile|China|Debit|RMB| 392,226.75 | 498,085.33 ||
10129600|Due from China Pay-Direct RMB|CPDIR185(F)|AllInPay-AllInPay-8003(Float)|Mobile|China||||||
10129600|Due from China Pay-Direct RMB|CPDIR188(A)|WeiHueiPay-95ePay-100081(Available)|Gateway|China|Debit|RMB| 1,327,718.98 | 1,682,054.42 ||
10129600|Due from China Pay-Direct RMB|CPDIR188(F)|WeiHueiPay-95ePay-100081(Float)|Gateway|China||||||
10129600|Due from China Pay-Direct RMB|CPDIR189(A)|HaiPay-HaiPay-196(Available)|Gateway|China|Debit|RMB| 12,332,235.15 | 15,607,815.54 ||
10129600|Due from China Pay-Direct RMB|CPDIR189(F)|HaiPay-HaiPay-196(Float)|Gateway|China||||||
10129600|Due from China Pay-Direct RMB|CPDIR190(A)|Xiao-Baofoo-200(Available)|Gateway|China|Debit|RMB| 12,636,424.12 | 16,013,260.05 ||
10129600|Due from China Pay-Direct RMB|CPDIR190(F)|Xiao-Baofoo-200(Float)|Gateway|China||||||
10129600|Due from China Pay-Direct RMB|CPDIR194(A)|LinkinPay-ECPSS-053(Available)|Hybrid|China|Debit|RMB| 1,480,037.31 | 1,849,814.31 ||
10129600|Due from China Pay-Direct RMB|CPDIR194(F)|LinkinPay-ECPSS-053(Float)|Hybrid|China||||||
10129600|Due from China Pay-Direct RMB|CPDIR195(A)|ECPSS-ECPSS-17609(Available)|Hybrid|China|Debit|RMB| 892,417.26 | 1,125,644.23 ||
10129600|Due from China Pay-Direct RMB|CPDIR195(F)|ECPSS-ECPSS-17609(Float)|Hybrid|China||||||
10129600|Due from China Pay-Direct RMB|CPDIR196(A)|ECPSS-ECPSS-17610(Available)|Hybrid|China|Debit|RMB| 845,877.84 | 1,066,660.56 ||
10129600|Due from China Pay-Direct RMB|CPDIR196(F)|ECPSS-ECPSS-17610(Float)|Hybrid|China||||||
10129600|Due from China Pay-Direct RMB|CPDIR197(A)|ToMerchantPay-95ePay-880115(Available)|Hybrid|China|Debit|RMB| 14.80 | 18.66 ||
10129600|Due from China Pay-Direct RMB|CPDIR197(F)|ToMerchantPay-95ePay-880115(Float)|Hybrid|China||||||
10129600|Due from China Pay-Direct RMB|CPDIR198(A)|HaiPay-FL-172(Available)|Voucher|China|Debit|RMB| 85.76 | 108.43 ||
10129600|Due from China Pay-Direct RMB|CPDIR198(F)|HaiPay-FL-172(Float)|Voucher|China||||||
10129600|Due from China Pay-Direct RMB|CPDIR200(A)|Xiao-Baofoo-202(Available)|Hybrid|China|Debit|RMB| 1,904,417.88 | 2,417,082.47 ||
10129600|Due from China Pay-Direct RMB|CPDIR200(F)|Xiao-Baofoo-202(Float)|Hybrid|China||||||
10129600|Due from China Pay-Direct RMB|CPDIR201(A)|HaiPay-FL-170(Available)|Hybrid|China|Debit|RMB| 136,667.08 | 173,281.35 ||
10129600|Due from China Pay-Direct RMB|CPDIR201(F)|HaiPay-FL-170(Float)|Hybrid|China||||||
10129600|Due from China Pay-Direct RMB|CPDIR202(A)|YeePay-YeePay-9086(Available)|Gateway|China|Debit|RMB| 1,953,920.14 | 2,474,422.35 ||
10129600|Due from China Pay-Direct RMB|CPDIR202(F)|YeePay-YeePay-9086(Float)|Gateway|China||||||
10129600|Due from China Pay-Direct RMB|CPDIR203(A)|YeePay-YeePay-9117(Available)|Hybrid|China|Debit|RMB| 52.38 | 66.14 ||
10129600|Due from China Pay-Direct RMB|CPDIR203(F)|YeePay-YeePay-9117(Float)|Hybrid|China||||||
10129600|Due from China Pay-Direct RMB|CPDIR204(A)|Xiao-Baofoo-204(Available)|Voucher|China|Debit|RMB| 64.03 | 80.90 ||
10129600|Due from China Pay-Direct RMB|CPDIR204(F)|Xiao-Baofoo-204(Float)|Voucher|China||||||
10129600|Due from China Pay-Direct RMB|CPDIR205(A)|Xiao-Baofoo-205(Available)|Hybrid|China|Debit|RMB| 11,838.52 | 15,047.06 ||
10129600|Due from China Pay-Direct RMB|CPDIR205(F)|Xiao-Baofoo-205(Float)|Hybrid|China||||||
10129600|Due from China Pay-Direct RMB|CPDIR206(A)|Xiao-UnicomPay-208(Available)|Hybrid|China|Debit|RMB| 2,878,378.66 | 3,621,498.82 ||
10129600|Due from China Pay-Direct RMB|CPDIR206(F)|Xiao-UnicomPay-208(Float)|Hybrid|China||||||
10129600|Due from China Pay-Direct RMB|CPDIR207(A)|YeePay-YeePay-5785(Available)|Hybrid|China|Debit|RMB| 1,583,253.59 | 2,004,240.44 ||
10129600|Due from China Pay-Direct RMB|CPDIR207(F)|YeePay-YeePay-5785(Float)|Hybrid|China||||||
10129600|Due from China Pay-Direct RMB|CPDIR209(A)|HaiPay-FL-174(Available)|Hybrid|China|Debit|RMB| 1,489,112.12 | 1,875,144.61 ||
10129600|Due from China Pay-Direct RMB|CPDIR209(F)|HaiPay-FL-174(Float)|Hybrid|China||||||
10129600|Due from China Pay-Direct RMB|CPDIR210(A)|HaiPay-FL-175(Available)|Hybrid|China|Debit|RMB| 1,214,958.81 | 1,509,060.42 ||
10129600|Due from China Pay-Direct RMB|CPDIR210(F)|HaiPay-FL-175(Float)|Hybrid|China||||||
10129600|Due from China Pay-Direct RMB|CPDIR211(A)|HaiPay-FL-176(Available)|Hybrid|China|Debit|RMB| 1,116,628.71 | 1,395,387.04 ||
10129600|Due from China Pay-Direct RMB|CPDIR211(F)|HaiPay-FL-176(Float)|Hybrid|China||||||
10129600|Due from China Pay-Direct RMB|CPDIR212(A)|HaiPay-FL-177(Available)|Hybrid|China|Debit|RMB| 1,782,305.63 | 2,250,234.72 ||
10129600|Due from China Pay-Direct RMB|CPDIR212(F)|HaiPay-FL-177(Float)|Hybrid|China||||||
10129600|Due from China Pay-Direct RMB|CPDIR213(A)|HaiPay-FL-178(Available)|Hybrid|China|Debit|RMB| 1,844,970.16 | 2,311,754.77 ||
10129600|Due from China Pay-Direct RMB|CPDIR213(F)|HaiPay-FL-178(Float)|Hybrid|China||||||
10129600|Due from China Pay-Direct RMB|CPDIR214(A)|Xiao-Baofoo-212(Available)|Hybrid|China|Debit|RMB| 494,979.65 | 606,982.14 ||
10129600|Due from China Pay-Direct RMB|CPDIR214(F)|Xiao-Baofoo-212(Float)|Hybrid|China||||||
10129600|Due from China Pay-Direct RMB|CPDIR215(A)|Xiao-Baofoo-213(Available)|Hybrid|China|Debit|RMB| 1,362,598.63 | 1,694,453.43 ||
10129600|Due from China Pay-Direct RMB|CPDIR215(F)|Xiao-Baofoo-213(Float)|Hybrid|China||||||
10129600|Due from China Pay-Direct RMB|CPDIR216(A)|Xiao-Baofoo-214(Available)|Hybrid|China|Debit|RMB| 773,739.45 | 948,491.55 ||
10129600|Due from China Pay-Direct RMB|CPDIR216(F)|Xiao-Baofoo-214(Float)|Hybrid|China||||||
10129600|Due from China Pay-Direct RMB|CPDIR217(A)|HaiPay-HaiPay-2236(Available)|Hybrid|China|Debit|RMB| 2,659,364.93 | 3,354,948.00 ||
10129600|Due from China Pay-Direct RMB|CPDIR217(F)|HaiPay-HaiPay-2236(Float)|Hybrid|China||||||
10129600|Due from China Pay-Direct RMB|CPDIR218(A)|LinkinPay-ECPSS-055(Available)|Hybrid|China|Debit|RMB| 496,372.30 | 624,398.00 ||
10129600|Due from China Pay-Direct RMB|CPDIR218(F)|LinkinPay-ECPSS-055(Float)|Hybrid|China||||||
10129600|Due from China Pay-Direct RMB|CPDIR220(A)|eSkyPay-HNAPay-1801(Available)|Hybrid|China|Debit|RMB| 297,957.23 | 379,690.46 ||
10129600|Due from China Pay-Direct RMB|CPDIR220(F)|eSkyPay-HNAPay-1801(Float)|Hybrid|China||||||
10129600|Due from China Pay-Direct RMB|CPDIR221(A)|AllInPay-AllInPay-2001(Available)|Hybrid|China|Debit|RMB| -   | -   ||
10129600|Due from China Pay-Direct RMB|CPDIR221(F)|AllInPay-AllInPay-2001(Float)|Hybrid|China||||||
10129600|Due from China Pay-Direct RMB|CPDIR222(A)|AllInPay-AllInPay-2002(Available)|Hybrid|China|Debit|RMB| -   | -   ||
10129600|Due from China Pay-Direct RMB|CPDIR222(F)|AllInPay-AllInPay-2002(Float)|Hybrid|China||||||
10129600|Due from China Pay-Direct RMB|CPDIR223(A)|LinkinPay-eBatong-056(Available)|Hybrid|China|Debit|RMB| -   | -   ||
10129600|Due from China Pay-Direct RMB|CPDIR223(F)|LinkinPay-eBatong-056(Float)|Hybrid|China||||||
10129600|Due from China Pay-Direct RMB|CPDIR224(A)|Xiao-UnicomPay-209(Available)|Hybrid|China|Debit|RMB| -   | -   ||
10129600|Due from China Pay-Direct RMB|CPDIR224(F)|Xiao-UnicomPay-209(Float)|Hybrid|China||||||
10129600|Due from China Pay-Direct RMB|CPDIR225(A)|Xiao-UnicomPay-210(Available)|Hybrid|China|Debit|RMB| -   | -   ||
10129600|Due from China Pay-Direct RMB|CPDIR225(F)|Xiao-UnicomPay-210(Float)|Hybrid|China||||||
10129600|Due from China Pay-Direct RMB|CPDIR226(A)|HaiPay-FL-180(Available)|Voucher|China|Debit|RMB| -   | -   ||
10129600|Due from China Pay-Direct RMB|CPDIR226(F)|HaiPay-FL-180(Float)|Voucher|China||||||
10129600|Due from China Pay-Direct RMB|CPDIR227(A)|HaiPay-FL-181(Available)|Voucher|China|Debit|RMB| -   | -   ||
10129600|Due from China Pay-Direct RMB|CPDIR227(F)|HaiPay-FL-181(Float)|Voucher|China||||||
10129600|Due from China Pay-Direct RMB|CPDIR228(A)|HaiPay-FL-182(Available)|Voucher|China|Debit|RMB| -   | -   ||
10129600|Due from China Pay-Direct RMB|CPDIR228(F)|HaiPay-FL-182(Float)|Voucher|China||||||
10129600|Due from China Pay-Direct RMB|CPDIR229(A)|HaiPay-FL-183(Available)|Voucher|China|Debit|RMB| -   | -   ||
10129600|Due from China Pay-Direct RMB|CPDIR229(F)|HaiPay-FL-183(Float)|Voucher|China||||||
10129600|Due from China Pay-Direct RMB|CPDIR230(A)|HaiPay-FL-184(Available)|Voucher|China|Debit|RMB| -   | -   ||
10129600|Due from China Pay-Direct RMB|CPDIR230(F)|HaiPay-FL-184(Float)|Voucher|China||||||
10129600|Due from China Pay-Direct RMB|CPDIR231(A)|HaiPay-FL-185(Available)|Voucher|China|Debit|RMB| -   | -   ||
10129600|Due from China Pay-Direct RMB|CPDIR231(F)|HaiPay-FL-185(Float)|Voucher|China||||||
10129600|Due from China Pay-Direct RMB|CPDIR232(A)|HaiPay-HaiPay-2243(Available)|Voucher|China|Debit|RMB| -   | -   ||
10129600|Due from China Pay-Direct RMB|CPDIR232(F)|HaiPay-HaiPay-2243(Float)|Voucher|China||||||
10129600|Due from China Pay-Direct RMB|CPDIR233(A)|YeePay-YeePay-0790(Available)|Hybrid|China|Debit|RMB| -   | -   ||
10129600|Due from China Pay-Direct RMB|CPDIR233(F)|YeePay-YeePay-0790(Float)|Hybrid|China||||||
10129600|Due from China Pay-Direct RMB|CPDIR234(A)|LinkinPay-eBatong-058(Available)|Hybrid|China|Debit|RMB| -   | -   ||
10129600|Due from China Pay-Direct RMB|CPDIR234(F)|LinkinPay-eBatong-058(Float)|Hybrid|China||||||
10129600|Due from China Pay-Direct RMB|CPOFF001|PSP - Alan - Deposit|Offline|China|Debit|RMB| 666,869.28 | 820,292.28 ||
10129600|Due from China Pay-Direct RMB|CPOFF002|PSP - Ngan - Deposit|Offline|China|Debit|RMB| 10,716.85 | 13,271.66 ||
10129600|Due from China Pay-Direct RMB|CPOFF003|PSP - Peng - Deposit|Offline|China|Debit|RMB| 68,171.29 | 81,224.16 ||
10129600|Due from China Pay-Direct RMB|CPOFF004|PSP - Xiao - Deposit|Offline|China||||||
10129600|Due from China Pay-Direct RMB|CPOFF005|PSP - Chan - Deposit |Offline|China|Debit|RMB||||
10129600|Due from China Pay-Direct RMB|CPOFF006|PSP - Alan Payout|Offline|China|Debit|RMB| 1,457,239.42 | 1,792,498.58 ||
10129600|Due from China Pay-Direct RMB|CPOFF007|PSP - Ngan Payout|Offline|China|Debit|RMB| 7,485,087.42 | 9,269,470.36 ||
10129600|Due from China Pay-Direct RMB|CPOFF008|PSP - Peng Payout|Offline|China|Debit|RMB| 1,091,519.40 | 1,300,514.37 ||
10129600|Due from China Pay-Direct RMB|CPOFF009|PSP - Xiao Payout|Offline|China|Debit|RMB| 116,008.40 | 143,698.99 ||
10129600|Due from China Pay-Direct RMB|CPOFF010|PSP - Chan Payout|Offline|China|Debit|RMB| 27,151.28 | 32,942.29 ||
10129600|Due from China Pay-Direct RMB|CPOFF011|PSP - Alan Intermediate|Offline|China|Debit|RMB| 9,472.46 | 11,651.74 ||
10129600|Due from China Pay-Direct RMB|CPOFF012|PSP - Ngan Intermediate|Offline|China|Debit|RMB| 1,045,309.84 | 1,294,503.06 ||
10129600|Due from China Pay-Direct RMB|CPOFF013|PSP - Peng Intermediate|Offline|China|Debit|RMB| 1,736,360.50 | 2,068,824.23 ||
10129600|Due from China Pay-Direct RMB|CPOFF014|PSP - Xiao Intermediate|Offline|China||||||
10129600|Due from China Pay-Direct RMB|CPOFF015|PSP - Chan Intermediate|Offline|China|Debit|RMB||||
10129600|Due from China Pay-Direct RMB|CPOFF016|PSP - Alan Pending Deposit|Offline|China||||||
10129600|Due from China Pay-Direct RMB|CPOFF017|PSP - Ngan Pending Deposit|Offline|China|Debit|RMB||||
10129600|Due from China Pay-Direct RMB|CPOFF018|PSP - Peng Pending Deposit|Offline|China||||||
10129600|Due from China Pay-Direct RMB|CPOFF019|PSP - Xiao Pending Deposit|Offline|China|Debit|RMB||||
10129600|Due from China Pay-Direct RMB|CPOFF020|PSP - Chan Pending Deposit|Offline|China||||||
10129600|Due from China Pay-Direct RMB|CPOFF021|PSP - Alan Pending Payout|Offline|China|Debit|RMB||||
10129600|Due from China Pay-Direct RMB|CPOFF022|PSP - Ngan Pending Payout|Offline|China||||||
10129600|Due from China Pay-Direct RMB|CPOFF023|PSP - Peng Pending Payout|Offline|China|Debit|RMB||||
10129600|Due from China Pay-Direct RMB|CPOFF024|PSP - Xiao Pending Payout|Offline|China||||||
10129600|Due from China Pay-Direct RMB|CPOFF025|PSP - Chan Pending Payout|Offline|China|Debit|RMB||||
10129600|Due from China Pay-Direct RMB|CPOFF026|PSP - Alan Unreconciled |Offline|China||||||
10129600|Due from China Pay-Direct RMB|CPOFF027|PSP - Ngan Unreconciled |Offline|China|Debit|RMB||||
10129600|Due from China Pay-Direct RMB|CPOFF028|PSP - Peng Unreconciled |Offline|China||||||
10129600|Due from China Pay-Direct RMB|CPOFF029|PSP - Xiao Unreconciled |Offline|China|Debit|RMB||||
10129600|Due from China Pay-Direct RMB|CPOFF030|PSP - Chan Unreconciled |Offline|China||||||
10129600|Due from China Pay-Direct RMB|CPOFF031|PSP China Offline Payout in Transit|Offline|China|Debit|RMB||||
10129600|Due from China Pay-Direct RMB||PSP - Alan Pending Fund|Offline|China|Debit|RMB| 12,039,774.78 | 14,809,700.40 ||
10129600|Due from China Pay-Direct RMB||PSP - Ngan Pending Fund|Offline|China|Debit|RMB| 16,786,994.16 | 20,788,874.75 ||
10129600|Due from China Pay-Direct RMB||PSP - Peng Pending Fund|Offline|China|Debit|RMB||||
10129600|Due from China Pay-Direct RMB||PSP - Xiao Pending Fund|Offline|China|Debit|RMB| 12,190,346.28 | 15,100,117.41 ||
10129600|Due from China Pay-Direct RMB||PSP - Chan Pending Fund|Offline|China|Debit|RMB| 4,572,745.43 | 5,548,052.52 ||
10129600|Due from China Pay-Direct RMB|PSPBT001|PSP Balance Transfer  - Gateway|Gateway|China||||||
10129600|Due from China Pay-Direct RMB|PSPBT002|PSP Balance Transfer - Hybrid|Hybrid|China|Debit|RMB||||
10129600|Due from China Pay-Direct RMB|PSPBT003|PSP Balance Transfer  - Offline|Offline|China||||||
10129600|Due from China Pay-Direct RMB|PSPBT004|PSP Balance Transfer  - Mobile|Mobile|China|Debit|RMB||||
10129600|Due from China Pay-Direct RMB|PSPBT005|PSP Balance Transfer  - Voucher|Voucher|China||||||
10129610|Remittance in transit - Direct|REMIT.TRAN.-E-SPARK(A)|Money Broker - Alan-Available|Hybrid|China|Debit|RMB| 927,043.07 | 1,070,994.91 ||product not identified
10129610|Remittance in transit - Direct|REMIT.TRAN.-E-SPARK(T)|Money Broker - Alan-Transit|Hybrid|China||||||product not identified
10129610|Remittance in transit - Direct|REMIT.TRAN.-NGAN(A)|Money Broker - Mr. Ngan-Available|Hybrid|China|Debit|RMB| 11,295,103.92 | 13,836,721.69 ||product not identified
10129610|Remittance in transit - Direct|REMIT.TRAN.-NGAN(T)|Money Broker - Mr. Ngan-Transit|Hybrid|China||||||product not identified
10129610|Remittance in transit - Direct|REMIT.TRAN.-Wilson(A)|Money Broker - Wilson-Available|Hybrid|China|Debit|RMB| -   | -   ||product not identified
10129610|Remittance in transit - Direct|REMIT.TRAN.-Wilson(T)|Money Broker - Wilson-Transit|Hybrid|China||||||product not identified
10129610|Remittance in transit - Direct|REMIT.TRAN.-Xiao(A)|Money Broker - Xiao-Available|Hybrid|China|Debit|RMB| 8,214,716.69 | 10,286,696.48 ||product not identified
10129610|Remittance in transit - Direct|REMIT.TRAN.-Xiao(T)|Money Broker - Xiao-Transit|Hybrid|China||||||product not identified
10129610|Remittance in transit - Direct|REMIT.TRAN.-Liao Offline TW(A)|Money Broker - Liao Offline-Available|Offline|Taiwan|Debit|TWD| 6,763,800.00 | 1,764,806.33 ||
10129610|Remittance in transit - Direct|REMIT.TRAN.-Peng_01(A)|MB - Peng_online_01-Available|Hybrid|China|Debit|RMB| 6,595,114.17 | 8,356,708.27 ||
10129610|Remittance in transit - Direct|REMIT.TRAN.-Peng_01(T)|MB - Peng_online_01-Transit|Hybrid|China|Debit|RMB||||
10129610|Remittance in transit - Direct|REMIT.TRAN.-Peng_02(A)|MB - Peng_online_02-Available|Hybrid|China|Debit|RMB| 1,101,268.45 | 1,395,676.06 ||
10129610|Remittance in transit - Direct|REMIT.TRAN.-Peng_02(T)|MB - Peng_online_02-Transit|Hybrid|China|Debit|RMB||||
10129610|Remittance in transit - Direct|Pay-in-Transit - Offline|Pay-in-Tranist to Merchant - Offline|Offline|China|Debit|GBP| -   | (12,551.71)||
10129610|Remittance in transit - Direct|Pay-in-Transit - Hybrid|Pay-in-Transit to Merchant - Hybrid|Hybrid|China|Credit|HKD| (69,724,449.10)| (69,724,449.10)||
10129610|Remittance in transit - Direct|Pay-in-Transit - WebATM|Pay-in-Transit to Merchant - WebATM|WebATM|Taiwan|Debit|HKD| -   | -   ||
10129610|Remittance in transit - Direct|Pay-in-Transit - Gateway|Pay-in-Transit to Merchant - Gateway|Gateway|China|Debit|EUR| -   | -   ||
10129610|Remittance in transit - Direct|Pay-in-Transit - Gateway|Pay-in-Transit to Merchant - Gateway|Gateway|China|Credit|HKD| (11,977,884.90)| (11,977,884.90)||
10129610|Remittance in transit - Direct|Pay-in-Transit - Gateway|Pay-in-Transit to Merchant - Gateway|Gateway|China|Credit|USD| (273,418.09)| (2,124,676.84)||
10129610|Remittance in transit - Direct|Pay-in-Transit - Mobile|Pay-in-Transit to Merchant - Mobile |Mobile|China||||||
10129610|Remittance in transit - Direct|Pay-in-Transit - Voucher|Pay-in-Transit to Merchant - Voucher|Voucher|China|Debit|RMB||||
10129610|Remittance in transit - Direct|MBCNOFF001|Money Broker CN - Alan - 01|Offline|China||||||
10129610|Remittance in transit - Direct|MBCNOFF002|Money Broker CN - Ngan - 01|Offline|China||||||
10129610|Remittance in transit - Direct|MBCNOFF003|Money Broker CN - Peng - 01|Offline|China||||||
10129610|Remittance in transit - Direct|MBCNOFF004|Money Broker CN - Peng - 02|Offline|China||||||
10129610|Remittance in transit - Direct|MBCNOFF005|Money Broker CN - Chan - 01|Offline|China||||||
10129610|Remittance in transit - Direct|MBCNOFF006|Money Broker CN - Alan - 01 Transit|Offline|China||||||
10129610|Remittance in transit - Direct|MBCNOFF007|Money Broker CN - Ngan - 01 Transit|Offline|China||||||
10129610|Remittance in transit - Direct|MBCNOFF008|Money Broker CN - Peng - 01 Transit|Offline|China||||||
10129610|Remittance in transit - Direct|MBCNOFF009|Money Broker CN - Peng - 02 Transit|Offline|China||||||
10129610|Remittance in transit - Direct|MBCNOFF010|Money Broker CN - Chan - 01 Transit|Offline|China||||||
12109100|Accrued Receivables - MOP|AR-BUSINESS-HKD|Other Accounts Receivable |Hybrid|China|Debit|HKD| 6,003,162.87 | 6,003,162.87 ||product and country not identified
12109100|Accrued Receivables - MOP|AR-BUSINESS-RMB|Other Accounts Receivable |Hybrid|China|Credit|RMB| (21,445,302.79)| (26,156,443.69)||product and country not identified
12109100|Accrued Receivables - MOP|AR-BUSINESS-TWD|Other Accounts Receivable|WebATM|Taiwan|Debit|TWD| -   | -   ||
12109100|Accrued Receivables - MOP|Other A/R - Bank-in-transit|Other Accounts Receivable - Bank-in-transit|Offline|China|Credit |RMB| (903,991.54)| (1,129,496.51)||
12229100|Accrued Receivables - TWD|WALMB-TWD(A)|Money Broker - Mr. Liao-Available|WebATM|Taiwan||||||
12229100|Accrued Receivables - TWD|WALMB-TWD(T)|Money Broker - Mr. Liao-Transit|WebATM|Taiwan||||||
12229100|Accrued Receivables - TWD|MBTWOFF001|Money Broker TW - Liao - 01|Offline|Taiwan||||||
12229100|Accrued Receivables - TWD|MBTWOFF002|Money Broker TW - Liao - 01 Transit|Offline|Taiwan||||||
12229101|Due from Taiwan Processor - TWD|CPDIR167(A)|TWV-TWV-130601(Available)|WebATM|Taiwan|Debit|TWD| 19,121,364.00 | 5,053,282.72 ||
12229101|Due from Taiwan Processor - TWD|CPDIR167(F)|TWV-TWV-130601(Float)|WebATM|Taiwan||||||
12229101|Due from Taiwan Processor - TWD|CPDIR170(A)|PSP Temperory - Taiwan WebATM(Available)|WebATM|Taiwan||| -   | -   ||
12229101|Due from Taiwan Processor - TWD|CPDIR170(F)|PSP Temperory - Taiwan WebATM(Float)|WebATM|Taiwan||||||
12229101|Due from Taiwan Processor - TWD|CPDIR154(A)|Mr Peng-Offline Taiwan-001(Available)|Offline|Taiwan|Debit|TWD| 107,625.00 | 28,950.19 ||
12229101|Due from Taiwan Processor - TWD|CPDIR154(F)|Mr Peng-Offline Taiwan-001(Float)|Offline|Taiwan||||||
12229101|Due from Taiwan Processor - TWD|TWOFF001|PSP - Peng - TW Depsoit|Offline|Taiwan||||||
12229101|Due from Taiwan Processor - TWD|TWOFF002|PSP - Peng - TW Payout|Offline|Taiwan||||||
12229101|Due from Taiwan Processor - TWD|TWOFF003|PSP - Peng - TW Intermediate|Offline|Taiwan||||||
12229101|Due from Taiwan Processor - TWD|TWOFF004|PSP - Peng - TW Pendig Depsoit|Offline|Taiwan||||||
12229101|Due from Taiwan Processor - TWD|TWOFF005|PSP - Peng - TW Pending Payout|Offline|Taiwan||||||
15000732| PLC/NetOps|Intercom. QA001|Intercom. QA-Expense - HKD|Hybrid|China|Debit|HKD| 611,156,288.53 | 611,156,288.53 ||product and country not identified
20000112|Accounts Payable - HKD|AP-BUSINESS-HKD|Accounts Payable- Misc.|Hybrid|China|Debit|HKD| 6,108,852.30 | 6,108,852.30 ||product and country not identified
20000112|Accounts Payable - HKD|MERCHANT PAYABLE-RMB|Accounts Payable- Misc.|Hybrid|China|Credit|RMB| (7,614,353.14)| (9,269,635.79)||product not identified
20000112|Accounts Payable - HKD|MERCHANT PAYABLE-TWD|Accounts Payable- Misc.|Offline|Taiwan|Credit|TWD| (19,363.00)| (5,045.47)||product not identified
20000112|Accounts Payable - HKD|MERCHANT BT001|Merchant Balance Transfer HKD - Gateway|Gateway|China|Debit|HKD| -   | -   ||
20000112|Accounts Payable - HKD|MERCHANT BT002|Merchant Balance Transfer HKD - Hybrid|Hybrid|China|Debit|HKD| -   | -   ||
20000112|Accounts Payable - HKD|MERCHANT BT003|Merchant Balance Transfer HKD - Offline|Offline|China|Debit|HKD| -   | -   ||
20000112|Accounts Payable - HKD|MERCHANT BT004|Merchant Balance Transfer HKD - Mobile|Mobile|China|Debit|HKD| -   | -   ||
20000112|Accounts Payable - HKD|MERCHANT BT005|Merchant Balance Transfer RMB - Gateway|Gateway|China|Debit|RMB| -   | -   ||
20000112|Accounts Payable - HKD|MERCHANT BT006|Merchant Balance Transfer RMB - Hybrid|Hybrid|China|Debit|RMB| -   | -   ||
20000112|Accounts Payable - HKD|MERCHANT BT007|Merchant Balance Transfer RMB - Offline|Offline|China|Debit|RMB| -   | -   ||
20000112|Accounts Payable - HKD|MERCHANT BT008|Merchant Balance Transfer RMB - Mobile|Mobile|China|Debit|RMB| -   | -   ||
20000112|Accounts Payable - HKD|MERCHANT BT009|Merchant Balance Transfer HKD - Voucher|Voucher|China|Debit|HKD| -   | -   ||
20000112|Accounts Payable - HKD|MERCHANT BT010|Merchant Balance Transfer RMB - Voucher|Voucher|China|Debit|RMB| -   | -   ||
20000703| PLC/NetOps|Intercom. Offset005|Intercom. Offset - USD|Shared|China|Credit|USD| (3,301,027.50)| (25,589,360.47)||product and country not identified
20000703| PLC/NetOps|Intercom. Offset006|Intercom. Offset - HKD|Shared|China||||||product and country not identified
20000703| PLC/NetOps|Intercom. Offset007|Intercom. Offset - EUR|Shared|China||||||product and country not identified
20000703| PLC/NetOps|Intercom. Offset008|Intercom. Offset - GBP|Shared|China||||||product and country not identified
22010210|Due to 1-Pay Direct Merch USD|DIR180124USD|IronFX_NBXA|Gateway|China|Credit|USD| (1,000,000.00)| (7,751,937.98)||
22010210|Due to 1-Pay Direct Merch USD|DIR180125USD|TradingPoint_NBXA|Gateway|China|Credit|USD| (76,531.08)| (593,264.19)||
22010210|Due to 1-Pay Direct Merch USD|DIR180127USD|FXOpen_NBXA |Gateway|China|Credit|USD| -   | -   ||
22010210|Due to 1-Pay Direct Merch USD|DIR180129USD|EXNESS_NBXA|Gateway|China|Credit|USD| (7,268.38)| (56,344.03)||
22010210|Due to 1-Pay Direct Merch USD|DIR180130USD|FxPro_NBXA|Gateway|China|Credit|USD| (1,013,101.02)| (7,853,496.28)||
22010210|Due to 1-Pay Direct Merch USD|DIR180131USD|Alpari_NBXA|Gateway|China|Credit|USD| (9.16)| (71.01)||
22010210|Due to 1-Pay Direct Merch USD|DIR180132USD|MPay_NBXA|Gateway|China|Credit|USD| (774,427.85)| (6,003,316.67)||
22020210|Due to 1-Pay Direct Merch GBP|DIR180124GBP|IronFX_NBXA|Gateway|China|Credit|GBP| -   | -   ||
22020210|Due to 1-Pay Direct Merch GBP|DIR180127GBP|FXOpen_NBXA|Gateway|China|Credit|GBP| -   | -   ||
22030210|Due to 1-Pay Direct Merch EUR|DIR180124EUR|IronFX_NBXA|Gateway|China|Credit|EUR| -   | -   ||
22030210|Due to 1-Pay Direct Merch EUR|DIR180125EUR|TradingPoint_NBXA|Gateway|China|Credit|EUR| (1,370.85)| (14,378.19)||
22030210|Due to 1-Pay Direct Merch EUR|DIR180127EUR|FXOpen_NBXA|Gateway|China|Credit|EUR| -   | -   ||
22030210|Due to 1-Pay Direct Merch EUR|DIR180129EUR|EXNESS_NBXA|Gateway|China|Credit|EUR| (97.00)| (1,017.09)||
22110210|Due to 1-Pay Direct Merch HKD|DIR180121HKD|Bet365_VNET_OLD|Hybrid|China|Credit|HKD| (25,000,000.58)| (25,000,000.58)||
22110210|Due to 1-Pay Direct Merch HKD|DIR180109HKD|offline@cassava.com|Offline|China|Credit|HKD| -   | -   ||
22110210|Due to 1-Pay Direct Merch HKD|DIR180127HKD|FXOpen_NBXA |Gateway|China|Credit|HKD| -   | -   ||
22120200|Due to 1-Pay Direct Merch RMB|DIR180109RMB|offline@cassava.com|Offline|China|Credit|RMB| (244,708.91)| (294,697.92)||
22120200|Due to 1-Pay Direct Merch RMB|DIR180109RMB|offline@ladbrokes.com|Offline|China|Credit|RMB| (15,147.97)| (19,194.08)||
22120200|Due to 1-Pay Direct Merch RMB|DIR180100|offline@vcint.com|Offline|China|Credit|RMB| (194.74)| (246.76)||
22120200|Due to 1-Pay Direct Merch RMB|DIR180110RMB|Bet365_VNET_TEST|Hybrid|China|Credit|RMB| -   | -   ||
22120200|Due to 1-Pay Direct Merch RMB|DIR180132RMB|MPay_NBXA|Hybrid|China|Credit|RMB| (85,370.89)| (108,195.05)||
22120200|Due to 1-Pay Direct Merch RMB|DIR180133RMB|Bet365_eVoucher|Voucher|China|Credit|RMB| (12.54)| (15.89)||
22120200|Due to 1-Pay Direct Merch RMB|DIR180094|LIVE_TEST_VNET|Hybrid|China|Credit|RMB| (10,777.54)| (13,371.08)||
22120200|Due to 1-Pay Direct Merch RMB|DIR180099|offline@funds365.com|Offline|China|Credit|RMB| (39,016,454.34)| (49,437,980.66)||
22120200|Due to 1-Pay Direct Merch RMB|DIR180105|technical@1-pay.com (offline)|Offline|China|Credit|RMB| -   | -   ||
22120200|Due to 1-Pay Direct Merch RMB|DIR180118RMB|Bet365_VMOBILE|Hybrid|China|Credit|RMB| (7,826,804.16)| (9,826,476.94)||
22120200|Due to 1-Pay Direct Merch RMB|DIR180119RMB|LIVE_TEST_VMOBILE|Mobile|China|Credit|RMB| (2,237.20)| (2,808.94)||
22120200|Due to 1-Pay Direct Merch RMB|DIR180120RMB|Bet365_VNET_NEW|Hybrid|China|Credit|RMB| (3,564,586.23)| (4,366,392.84)||
22120200|Due to 1-Pay Direct Merch RMB|DIR180121RMB|Bet365_VNET_OLD|Hybrid|China|Credit|RMB| (74,104,664.69)| (91,997,651.70)||
22120200|Due to 1-Pay Direct Merch RMB|DIR180123RMB|LIVE_TEST_NBXA|Gateway|China|Credit|RMB| (102.07)| (128.48)||
22120200|Due to 1-Pay Direct Merch RMB|DIR180124RMB|IronFX_NBXA|Gateway|China|Credit|RMB| (25,799,584.84)| (32,634,581.46)||
22120200|Due to 1-Pay Direct Merch RMB|DIR180125RMB|TradingPoint_NBXA|Gateway|China|Credit|RMB| -   | -   ||
22120200|Due to 1-Pay Direct Merch RMB|DIR180126RMB|LIVE_TEST_VREFUEL |Voucher|China|Credit|RMB| (184.69)| (233.33)||
22120200|Due to 1-Pay Direct Merch RMB|DIR180127RMB|FXOpen_NBXA |Gateway|China|Credit|RMB| (122,233.70)| (154,582.08)||
22120200|Due to 1-Pay Direct Merch RMB|DIR180128RMB|ThinkForex_NBXA|Gateway|China|Credit|RMB| (553,408.74)| (700,578.38)||
22120200|Due to 1-Pay Direct Merch RMB|DIR180129RMB|EXNESS_NBXA|Gateway|China|Credit|RMB| (2,484,647.20)| (3,140,635.57)||
22220210|Due to 1-Pay Direct Merch TWD|DIR180094TWD|LIVE_TEST_EC2|WebATM|Taiwan|Credit|TWD| (824.43)| (211.84)||
22220210|Due to 1-Pay Direct Merch TWD|DIR180117TWD|Bet365_EC2|WebATM|Taiwan|Credit|TWD| (24,758,448.07)| (6,406,446.85)||
22220210|Due to 1-Pay Direct Merch TWD|DIR180116TWD|Bet365_TWLBP|Offline|Taiwan|Credit|TWD| (3,951,289.06)| (1,007,258.99)||
30000001|Accum. Loss (Profit)|||Shared|China|||| 334,020,374.10 ||
30000002|Net Loss (Profit) for the Period|||Shared|China||||||
||||||||| (0.00)||
