GL No.|GL Name|Sub-ledger No.|Sub-ledger Name (Alias)|Product|Country|Debit / Credit|Currency| CRR Balance as at Dec 31, 2013 | CRR Balance (HKD) as at Dec 31, 2013 |FX Rate to HKD (determined by column I & J)|Column1|Column2|Column3||||||||||||||||||||||||||||
43100|DC Merchant Commission - Offline|||Offline|China|Credit|GBP| (1,987.34)| (25,346.29)|12.75387704|||x||||||||||||||||||||||||||||
43100|DC Merchant Commission - Offline|||Offline|China|Credit|HKD| (620,346.83)| (620,346.83)|1|||x||||||||||||||||||||||||||||
43100|DC Merchant Commission - Offline|||Offline|China|Credit|RMB| (285,879,708.34)| (352,808,567.52)|1.234115459|||x||||||||||||||||||||||||||||
43110|DC Merchant Commission - Hybrid|||Hybrid|China|Credit|RMB| (580,993,339.32)| (719,408,284.04)|1.238238436|||x||||||||||||||||||||||||||||
43120|DC Merchant Commission - Gateway|||Gateway|China|Credit|EUR| (293.77)| (3,102.45)|10.56081288|||x||||||||||||||||||||||||||||
43120|DC Merchant Commission - Gateway|||Gateway|China|Credit|GBP| (6.60)| (82.84)|12.55151515|||x||||||||||||||||||||||||||||
43120|DC Merchant Commission - Gateway|||Gateway|China|Credit|HKD| (11,024,693.48)| (11,024,693.48)|1|||x||||||||||||||||||||||||||||
43120|DC Merchant Commission - Gateway|||Gateway|China|Credit|RMB| (19,891,374.25)| (24,924,826.61)|1.253046989|||x||||||||||||||||||||||||||||
43120|DC Merchant Commission - Gateway|||Gateway|China|Credit|USD| (1,407,322.65)| (10,916,552.23)|7.75696478|||x||||||||||||||||||||||||||||
43130|DC Merchant Commission - Mobile |||Mobile|China|Credit|RMB| (10,885,750.40)| (13,705,800.32)|1.259058844|||x||||||||||||||||||||||||||||
43140|DC Merchant Commission - Offline Taiwan|||Offline|Taiwan|Credit|TWD| (1,010,351.03)| (262,324.33)|0.259636821|||x||||||||||||||||||||||||||||
43150|DC Merchant Commission - Voucher|||Voucher|China|Credit|RMB| (1.62)| (2.05)|1.265432099|||x||||||||||||||||||||||||||||
43160|DC Merchant Commission - WebATM|||WebATM|Taiwan|Credit|TWD| (56,735,168.43)| (14,821,179.33)|0.261234429|||x||||||||||||||||||||||||||||
43200|Local Payout Fees - Offline|||Offline|China|Credit|RMB| (133,131,699.74)| (164,635,063.78)|1.236633079|||x||||||||||||||||||||||||||||
43210|Local Payout Fees - Hybrid|||Hybrid|China|Credit|RMB| (79.88)| (94.58)|1.184026039|||x||||||||||||||||||||||||||||
43220|Local Payout Fees - Gateway|||Gateway|China|Credit|EUR| (7.50)| (83.43)|11.124|||x||||||||||||||||||||||||||||
43220|Local Payout Fees - Gateway|||Gateway|China|Credit|RMB| (9,672,157.60)| (12,135,463.16)|1.254680048|||x||||||||||||||||||||||||||||
43220|Local Payout Fees - Gateway|||Gateway|China|Credit|USD| (26,234.27)| (203,643.84)|7.762512164|||x||||||||||||||||||||||||||||
43230|Local Payout Fees - WebATM|||WebATM|Taiwan|Credit|TWD| 43,300.00 | (4,257,092.30)|-98.3162194|||x||||||||||||||||||||||||||||
43300|FX Markup Fees - Offline|||Offline|China|Credit|GBP| (2,459.61)| (30,044.02)|12.21495278|||x||||||||||||||||||||||||||||
43300|FX Markup Fees - Offline|||Offline|China|Credit|HKD| (559,511.92)| (559,511.92)|1|||x||||||||||||||||||||||||||||
43300|FX Markup Fees - Offline|||Offline|China|Credit|RMB| (150,327.49)| (184,402.74)|1.226673445|||x||||||||||||||||||||||||||||
43310|FX Markup Fees - Hybrid|||Hybrid|China|Credit|HKD| (53,965,579.47)| (53,965,579.47)|1|||x||||||||||||||||||||||||||||
43320|FX Markup Fees - Gateway|||Gateway|China|Credit|EUR| (39,318.00)| (394,501.07)|10.03359962|||x||||||||||||||||||||||||||||
43320|FX Markup Fees - Gateway|||Gateway|China|Credit|HKD| (0.06)| (0.06)|1|||x||||||||||||||||||||||||||||
43320|FX Markup Fees - Gateway|||Gateway|China|Credit|HKD| (5,491,570.33)| (5,491,570.33)|1|||x||||||||||||||||||||||||||||
43320|FX Markup Fees - Gateway|||Gateway|China|Credit|RMB| (23,971,124.30)| (29,607,727.91)|1.235141395|||x||||||||||||||||||||||||||||
43320|FX Markup Fees - Gateway|||Gateway|China|Credit|USD| (16,282.91)| (126,248.22)|7.753418769|||x||||||||||||||||||||||||||||
43330|FX Markup Fees - Mobile |||Mobile|China|Credit|RMB| -   | -   |#DIV/0!|||x||||||||||||||||||||||||||||
43340|FX Markup Fees - Voucher|||Voucher|China|Credit|RMB| -   | -   |#DIV/0!|||x||||||||||||||||||||||||||||
43350|FX Markup Fees - WebATM|||WebATM|Taiwan|Credit|TWD| -   | -   |#DIV/0!|||x||||||||||||||||||||||||||||
43400|Merchant Settlement Fees - Offline|||Offline|China|Credit|RMB| -   ||#DIV/0!|||x||||||||||||||||||||||||||||
43400|Merchant Settlement Fees - Offline|||Offline|Taiwan|Credit|TWD| (291,780.90)| (76,364.44)|0.261718433|||x||||||||||||||||||||||||||||
43410|Merchant Settlement Fees - Hybrid|||Hybrid|China|Credit|RMB| (80,439,582.07)| (99,576,205.18)|1.237900579|||x||||||||||||||||||||||||||||
43420|Merchant Settlement Fees - Gateway|||Gateway|China|Credit|HKD| 17.37 | 17.37 |1|||x||||||||||||||||||||||||||||
43430|Merchant Settlement Fees - Mobile |||Mobile|China|Credit|RMB| -   | -   |#DIV/0!|||x||||||||||||||||||||||||||||
43440|Merchant Settlement Fees - Voucher|||Voucher|China|Credit|RMB| -   | -   |#DIV/0!|||x||||||||||||||||||||||||||||
43450|Merchant Settlement Fees - WebATM|||WebATM|Taiwan|Credit|TWD| (9,958,365.31)| (2,599,703.65)|0.261057269|||x||||||||||||||||||||||||||||
53110|D&W Processing Fees (Offline)|||Offline|China|Debit|RMB| 234,852,940.81 | 290,737,718.17 |1.237956473|||x||||||||||||||||||||||||||||
53110|D&W Processing Fees (Offline)|||Offline|Taiwan|Debit|HKD| 402.33 | 402.33 |1|||x||||||||||||||||||||||||||||
53110|D&W Processing Fees (Offline)|||Offline|China|Debit|HKD| 139,747.94 | 139,747.94 |1|||x||||||||||||||||||||||||||||
53120|D&W Processing Fees (Hybrid)|||Hybrid|China|Debit|RMB| 223,422,272.19 | 276,476,085.22 |1.237459822|||x||||||||||||||||||||||||||||
53130|D&W Processing Fees (Gateway)|||Gateway|China|Debit|RMB| 12,108,161.24 | 15,216,465.15 |1.256711473|||x||||||||||||||||||||||||||||
53140|D&W Processing Fees - Mobile |||Mobile|China|Debit|RMB| 4,456,877.60 | 5,606,927.89 |1.25803946|||x||||||||||||||||||||||||||||
53145|D&W Processing Cost - Offline Taiwan|||Offline|Taiwan|Debit|HKD| 106,699.11 | 106,699.11 |1|||x||||||||||||||||||||||||||||
53145|D&W Processing Cost - Offline Taiwan|||Offline|Taiwan|Debit|TWD| 11,716.00 | 3,031.80 |0.258774326|||x||||||||||||||||||||||||||||
53146|D & W Processing Fees - Voucher|||Voucher|China|Debit|RMB| 1.02 | 1.29 |1.264705882|||x||||||||||||||||||||||||||||
53147|D&W Processing Fees (WebATM)|||WebATM|Taiwan|Debit|TWD| 12,618,002.89 | 3,292,212.99 |0.260913951|||x||||||||||||||||||||||||||||
53160|Bank FX Commission (Offline)|||Offline|China|Debit|GBP| 251.14 | 3,076.20 |12.24894481|||x||||||||||||||||||||||||||||
53160|Bank FX Commission (Offline)|||Offline|China|Debit|HKD| 31,182.39 | 31,182.39 |1|||x||||||||||||||||||||||||||||
53160|Bank FX Commission (Offline)|||Offline|China|Debit|RMB| 44,426,694.14 | 54,605,235.31 |1.229108678|||x||||||||||||||||||||||||||||
53170|Bank FX Commission (Hybrid)|||Hybrid|China|Debit|EUR| 84.49 | 882.02 |10.43934193|||x||||||||||||||||||||||||||||
53170|Bank FX Commission (Hybrid)|||Hybrid|China|Debit|GBP| 23.79 | 292.02 |12.27490542|||x||||||||||||||||||||||||||||
53170|Bank FX Commission (Hybrid)|||Hybrid|China|Debit|HKD| 3,279,035.65 | 3,279,035.65 |1|||x||||||||||||||||||||||||||||
53170|Bank FX Commission (Hybrid)|||Hybrid|China|Debit|RMB| 111,892,359.34 | 138,410,761.05 |1.236999218|||x||||||||||||||||||||||||||||
53180|Bank FX Commission (Gateway)|||Gateway|China|Debit|HKD| 0.47 | 0.47 |1|||x||||||||||||||||||||||||||||
53180|Bank FX Commission (Gateway)|||Gateway|China|Debit|HKD| 171,856.25 | 171,856.25 |1|||x||||||||||||||||||||||||||||
53180|Bank FX Commission (Gateway)|||Gateway|China|Debit|RMB| 6,225,708.63 | 7,814,884.47 |1.255260234|||x||||||||||||||||||||||||||||
53180|Bank FX Commission (Gateway)|||Gateway|China|Debit|USD| 1,215.33 | 9,423.86 |7.754157307|||x||||||||||||||||||||||||||||
53180|Bank FX Commission (Gateway)|||Gateway|China|Debit|EUR| 1,132.15 | 11,660.17 |10.29913881|||x||||||||||||||||||||||||||||
53190|Bank FX Commission -  Mobile |||Mobile|China|Debit|HKD| 181.18 | 181.18 |1|||x||||||||||||||||||||||||||||
53190|Bank FX Commission -  Mobile |||Mobile|China|Debit|RMB| 493,772.60 | 616,384.81 |1.248317161|||x||||||||||||||||||||||||||||
53195|Bank FX Commission - Offline Taiwan|||Offline|Taiwan|Debit|HKD| 112,331.07 | 112,331.07 |1|||x||||||||||||||||||||||||||||
53196|Bank FX Commission -  Voucher|||Voucher|China|Debit|RMB| -   | -   |#DIV/0!|||||||||||||||||||||||||||||||
53197|Bank FX Commission (WebATM)|||WebATM|Taiwan|Debit|TWD| 1,147,590.00 | 299,128.78 |0.260658232|||x||||||||||||||||||||||||||||
54203|Bad Debt - NBX Asia|||Hybrid|China|Debit|RMB|||#DIV/0!| ||||||||||||||||||||||||||||||
54204|Bad Debt - Asia|||Gateway|China|Debit|RMB|||#DIV/0!|||||||||||||||||||||||||||||||
54205|Bad Debt - Asia|||Mobile|China|Debit|RMB|||#DIV/0!|||||||||||||||||||||||||||||||
54206|Bad Debt - Asia|||Offline|China|Debit|RMB|||#DIV/0!|||||||||||||||||||||||||||||||
54207|Bad Debt - Asia|||Voucher|China|Debit|RMB|||#DIV/0!|||||||||||||||||||||||||||||||
54208|Bad Debt - Asia|||WebATM|Taiwan|Debit|TWD|||#DIV/0!|||||||||||||||||||||||||||||||
66600|Verification Expenses|||Shared|China|Credit|RMB| (5,989.76)| (7,180.11)|1.198730834| ||x||||||||||||||||||||||||||||
66600|Verification Expenses|||WebATM|Taiwan|Credit|TWD| (4,945.00)| (1,299.30)|0.262750253| ||x||||||||||||||||||||||||||||
82400|Service Charges|||Hybrid|China|Debit|EUR| 25.00 | 258.53 |10.3412| ||x||||||||||||||||||||||||||||
82400|Service Charges|||Hybrid|China|Debit|HKD| 1,168.58 | 1,168.58 |1|||x||||||||||||||||||||||||||||
91650|FX Gain/Loss|FX001|FX Gain/Loss - Hybrid|Hybrid|China|Credit|HKD| (36,790,561.24)| (36,790,561.24)|1|||x||||||||||||||||||||||||||||
91650|FX Gain/Loss|FX002|FX Gain/Loss - Gateway|Gateway|China|Credit|HKD| (491,866.34)| (491,866.34)|1|||x||||||||||||||||||||||||||||
91650|FX Gain/Loss|FX002|FX Gain/Loss - Gateway|Gateway|China|Debit|RMB| 6,670.07 | 8,147.15 |1.22144895|||x||||||||||||||||||||||||||||
91650|FX Gain/Loss|FX003|FX Gain/Loss - Offline|Offline|China|Credit|HKD| (2,430,558.55)| (2,430,558.55)|1|||x||||||||||||||||||||||||||||
91650|FX Gain/Loss|FX004|FX Gain/Loss - Mobile |Mobile|China|Debit|HKD| -   | -   |#DIV/0!|||||||||||||||||||||||||||||||
91650|FX Gain/Loss|FX005|FX Gain/Loss - Voucher|Voucher|China|Debit|HKD| -   | -   |#DIV/0!|||||||||||||||||||||||||||||||
91650|FX Gain/Loss|FX006|FX Gain/Loss - WebATM|WebATM|Taiwan|Debit|HKD| -   | -   |#DIV/0!|||||||||||||||||||||||||||||||
10129600|Due from China Pay-Direct RMB|CPDIR26(A)|PSP Temperory - Hybrid(Available)|Hybrid|China|Debit|RMB| 6,390.30 | 8,407.55 |1.315673756|||x||||||||||||||||||||||||||||
10129600|Due from China Pay-Direct RMB|CPDIR26(F)|PSP Temperory - Hybrid(Float)|Hybrid|China|Debit|RMB| -   | -   |#DIV/0!|||||||||||||||||||||||||||||||
10129600|Due from China Pay-Direct RMB|CPDIR27(A)|PSP Temperory  - Gateway(Available)|Gateway|China|Debit|RMB| 1,768.60 | 2,370.03 |1.340059934|||x||||||||||||||||||||||||||||
10129600|Due from China Pay-Direct RMB|CPDIR27(F)|PSP Temperory  - Gateway(Float)|Gateway|China|Debit|RMB| -   | -   |#DIV/0!|||||||||||||||||||||||||||||||
10129600|Due from China Pay-Direct RMB|CPDIR141(A)|PSP Temperory  - Mobile(Available)|Mobile|China|Debit|RMB| -   | -   |#DIV/0!|||x||||||||||||||||||||||||||||
10129600|Due from China Pay-Direct RMB|CPDIR141(F)|PSP Temperory  - Mobile(Float)|Mobile|China|Debit|RMB| -   | -   |#DIV/0!|||||||||||||||||||||||||||||||
10129600|Due from China Pay-Direct RMB|CPDIR30|PSP - Mr.Ngan|Offline|China|Debit|RMB| 25,328,109.43 | 31,366,119.83 |1.238391674|||x||||||||||||||||||||||||||||
10129600|Due from China Pay-Direct RMB|CPDIR34|PSP - Mr. Peng|Offline|China|Debit|RMB| 2,896,047.85 | 3,450,562.76 |1.191472979|||x||||||||||||||||||||||||||||
10129600|Due from China Pay-Direct RMB|CPDIR38|PSP - Mr. Peng Bank-in-transit|Offline|China|Credit|RMB| (25,847.84)| (34,812.02)|1.346805768|||x||||||||||||||||||||||||||||
10129600|Due from China Pay-Direct RMB|CPDIR46|PSP - Mr. Ngan Bank-in-transit |Offline|China|Credit|HKD| (11,000.31)| (11,000.31)|1|||x||||||||||||||||||||||||||||
10129600|Due from China Pay-Direct RMB|CPDIR48|PSP - Alan|Offline|China|Debit|RMB| 14,173,357.14 | 17,434,143.00 |1.230064467|||x||||||||||||||||||||||||||||
10129600|Due from China Pay-Direct RMB|CPDIR52(A)|Haipay-Haipay-2098(Available)|Hybrid|China|Debit|RMB| 2,014,455.54 | 2,448,994.79 |1.215710519|||x||||||||||||||||||||||||||||
10129600|Due from China Pay-Direct RMB|CPDIR52(F)|Haipay-Haipay-2098(Float)        |Hybrid|China|Debit|RMB|||#DIV/0!|||||||||||||||||||||||||||||||
10129600|Due from China Pay-Direct RMB|CPDIR59(A)|Haipay-Haipay-2103(Available)   |Hybrid|China|Debit |RMB| 1,970,143.26 | 2,370,460.04 |1.203191711|||x||||||||||||||||||||||||||||
10129600|Due from China Pay-Direct RMB|CPDIR59(F)|Haipay-Haipay-2103(Float)   |Hybrid|China|Debit|RMB|||#DIV/0!|||||||||||||||||||||||||||||||
10129600|Due from China Pay-Direct RMB|CPDIR84|PSP - Mr. Xiao|Offline|China|Debit |RMB| 12,306,354.28 | 15,243,816.40 |1.238694747|||x||||||||||||||||||||||||||||
10129600|Due from China Pay-Direct RMB|CPDIR88|PSP - Mr. Chan|Offline|China|Debit |RMB| 3,017,696.72 | 3,661,332.16 |1.213286987|||x||||||||||||||||||||||||||||
10129600|Due from China Pay-Direct RMB|CPDIR102(A)|Haipay-Haipay-0192(Available)|Gateway|China|Debit|RMB| 1,094,899.50 | 1,408,131.67 |1.286083033|||x||||||||||||||||||||||||||||
10129600|Due from China Pay-Direct RMB|CPDIR102(F)|Haipay-Haipay-0192(Float)|Gateway|China|Debit|RMB|||#DIV/0!|||||||||||||||||||||||||||||||
10129600|Due from China Pay-Direct RMB|CPDIR109|Temporary Account – Unknown Txn Offline|Offline|China|Debit|RMB| 1,052,310.42 | 1,336,456.44 |1.270021103|||X||||||||||||||||||||||||||||
10129600|Due from China Pay-Direct RMB|CPDIR115|Temporary Account - Offline pending deposit|Offline|China|Credit|RMB| (148,634.46)| (184,367.32)|1.240407642|||x||||||||||||||||||||||||||||
10129600|Due from China Pay-Direct RMB|CPDIR116|Temporary Account - Offline pending payout|Offline|China|Debit|RMB| 981,806.24 | 1,204,659.77 |1.226983208|||x||||||||||||||||||||||||||||
10129600|Due from China Pay-Direct RMB|CPDIR128|PSP - Mr. Xiao Bank-in-transit|Offline|China|Credit|RMB| (3,039,185.85)| (3,843,000.81)|1.264483648|||x||||||||||||||||||||||||||||
10129600|Due from China Pay-Direct RMB|CPDIR139(A)|51ePay-51ePay-10415(Available)|Mobile|China|Debit|RMB| 760,470.36 | 940,182.73 |1.236317389|||x||||||||||||||||||||||||||||
10129600|Due from China Pay-Direct RMB|CPDIR139(F)|51ePay-51ePay-10415(Float)|Mobile|China|Debit|RMB|||#DIV/0!|||||||||||||||||||||||||||||||
10129600|Due from China Pay-Direct RMB|CPDIR140(A)|AllInPay-AllInPay-5001(Available)|Mobile|China|Debit|RMB| 778,235.67 | 949,272.68 |1.219775341|||x||||||||||||||||||||||||||||
10129600|Due from China Pay-Direct RMB|CPDIR140(F)|AllInPay-AllInPay-5001(Float)|Mobile|China|Debit|RMB|||#DIV/0!|||||||||||||||||||||||||||||||
10129600|Due from China Pay-Direct RMB|CPDIR159(A)|ToMerchantPay-GoPay-880111(Available)|Hybrid|China|Credit|HKD| (44,080.05)| (44,080.05)|1|||x||||||||||||||||||||||||||||
10129600|Due from China Pay-Direct RMB|CPDIR159(F)|ToMerchantPay-GoPay-880111(Float)|Hybrid|China|Debit|RMB|||#DIV/0!|||||||||||||||||||||||||||||||
10129600|Due from China Pay-Direct RMB|CPDIR164(A)|ToMerchantPay-YeePay-880112(Available)|Hybrid|China|Credit|RMB| 1,004.28 | (7,287.69)|-7.256631617|||x||||||||||||||||||||||||||||
10129600|Due from China Pay-Direct RMB|CPDIR164(F)|ToMerchantPay-YeePay-880112(Float)|Hybrid|China|Debit|RMB|||#DIV/0!|||||||||||||||||||||||||||||||
10129600|Due from China Pay-Direct RMB|CPDIR165(A)|LinkinPay-eBatong-045(Available)|Hybrid|China|Debit|RMB| 299,770.20 | 366,451.36 |1.222440923|||x||||||||||||||||||||||||||||
10129600|Due from China Pay-Direct RMB|CPDIR165(F)|LinkinPay-eBatong-045(Float)|Hybrid|China|Debit|RMB|||#DIV/0!|||||||||||||||||||||||||||||||
10129600|Due from China Pay-Direct RMB|CPDIR168(A)|eSkyPay-IPS-1101(Available)|Hybrid|China|Debit|RMB| 532,865.93 | 665,438.45 |1.248791511|||x||||||||||||||||||||||||||||
10129600|Due from China Pay-Direct RMB|CPDIR168(F)|eSkyPay-IPS-1101(Float)|Hybrid|China|Debit|RMB|||#DIV/0!|||||||||||||||||||||||||||||||
10129600|Due from China Pay-Direct RMB|CPDIR169|PSP - Mr. Chan Bank-in-transit|Offline|China|Debit|HKD| 694.93 | 694.93 |1|||x||||||||||||||||||||||||||||
10129600|Due from China Pay-Direct RMB|CPDIR171(A)|LinkinPay-YeePay-048(Available)|Hybrid|China|Debit|RMB| 20.68 | 25.90 |1.252417795|||x||||||||||||||||||||||||||||
10129600|Due from China Pay-Direct RMB|CPDIR171(F)|LinkinPay-YeePay-048(Float) |Hybrid|China|Debit|RMB|||#DIV/0!|||||||||||||||||||||||||||||||
10129600|Due from China Pay-Direct RMB|CPDIR173(A)|HaiPay-FL-158(Available)|Hybrid|China|Debit|RMB| 4,106,740.93 | 5,160,125.27 |1.256501288|||x||||||||||||||||||||||||||||
10129600|Due from China Pay-Direct RMB|CPDIR173(F)|HaiPay-FL-158(Float)|Hybrid|China|Debit|RMB|||#DIV/0!|||||||||||||||||||||||||||||||
10129600|Due from China Pay-Direct RMB|CPDIR176(A)|LinkinPay-eBatong-049(Available) |Hybrid|China|Debit|RMB| 302,657.29 | 370,840.40 |1.225281572|||x||||||||||||||||||||||||||||
10129600|Due from China Pay-Direct RMB|CPDIR176(F)|LinkinPay-eBatong-049(Float) |Hybrid|China|Debit|RMB|||#DIV/0!|||||||||||||||||||||||||||||||
10129600|Due from China Pay-Direct RMB|CPDIR179(A)|Huanmei-UnionPay-189(Available)|Hybrid|China|Debit|RMB| 3,459,919.64 | 4,305,153.18 |1.244292824|||x||||||||||||||||||||||||||||
10129600|Due from China Pay-Direct RMB|CPDIR179(F)|Huanmei-UnionPay-189(Float)|Hybrid|China|Debit|RMB|||#DIV/0!|||||||||||||||||||||||||||||||
10129600|Due from China Pay-Direct RMB|CPDIR184(A)|HaiPay-HaiPay-2233(Available)|Gateway|China|Debit|RMB| 491,527.89 | 617,226.22 |1.255729802|||x||||||||||||||||||||||||||||
10129600|Due from China Pay-Direct RMB|CPDIR184(F)|HaiPay-HaiPay-2233(Float)|Gateway|China|Debit|RMB|||#DIV/0!|||||||||||||||||||||||||||||||
10129600|Due from China Pay-Direct RMB|CPDIR185(A)|AllInPay-AllInPay-8003(Available)|Mobile|China|Debit|RMB| 392,226.75 | 498,085.33 |1.269891281|||x||||||||||||||||||||||||||||
10129600|Due from China Pay-Direct RMB|CPDIR185(F)|AllInPay-AllInPay-8003(Float)|Mobile|China|Debit|RMB|||#DIV/0!|||||||||||||||||||||||||||||||
10129600|Due from China Pay-Direct RMB|CPDIR188(A)|WeiHueiPay-95ePay-100081(Available)|Gateway|China|Debit|RMB| 1,327,718.98 | 1,682,054.42 |1.266875329|||x||||||||||||||||||||||||||||
10129600|Due from China Pay-Direct RMB|CPDIR188(F)|WeiHueiPay-95ePay-100081(Float)|Gateway|China|Debit|RMB|||#DIV/0!|||||||||||||||||||||||||||||||
10129600|Due from China Pay-Direct RMB|CPDIR189(A)|HaiPay-HaiPay-196(Available)|Gateway|China|Debit|RMB| 12,332,235.15 | 15,607,815.54 |1.26561125|||x||||||||||||||||||||||||||||
10129600|Due from China Pay-Direct RMB|CPDIR189(F)|HaiPay-HaiPay-196(Float)|Gateway|China|Debit|RMB|||#DIV/0!|||||||||||||||||||||||||||||||
10129600|Due from China Pay-Direct RMB|CPDIR190(A)|Xiao-Baofoo-200(Available)|Gateway|China|Debit|RMB| 12,636,424.12 | 16,013,260.05 |1.267230341|||x||||||||||||||||||||||||||||
10129600|Due from China Pay-Direct RMB|CPDIR190(F)|Xiao-Baofoo-200(Float)|Gateway|China|Debit|RMB|||#DIV/0!|||||||||||||||||||||||||||||||
10129600|Due from China Pay-Direct RMB|CPDIR194(A)|LinkinPay-ECPSS-053(Available)|Hybrid|China|Debit|RMB| 1,480,037.31 | 1,849,814.31 |1.249843026|||x||||||||||||||||||||||||||||
10129600|Due from China Pay-Direct RMB|CPDIR194(F)|LinkinPay-ECPSS-053(Float)|Hybrid|China|Debit|RMB|||#DIV/0!|||||||||||||||||||||||||||||||
10129600|Due from China Pay-Direct RMB|CPDIR195(A)|ECPSS-ECPSS-17609(Available)|Hybrid|China|Debit|RMB| 892,417.26 | 1,125,644.23 |1.261342962|||x||||||||||||||||||||||||||||
10129600|Due from China Pay-Direct RMB|CPDIR195(F)|ECPSS-ECPSS-17609(Float)|Hybrid|China|Debit|RMB|||#DIV/0!|||||||||||||||||||||||||||||||
10129600|Due from China Pay-Direct RMB|CPDIR196(A)|ECPSS-ECPSS-17610(Available)|Hybrid|China|Debit|RMB| 845,877.84 | 1,066,660.56 |1.261010171|||x||||||||||||||||||||||||||||
10129600|Due from China Pay-Direct RMB|CPDIR196(F)|ECPSS-ECPSS-17610(Float)|Hybrid|China|Debit|RMB|||#DIV/0!|||||||||||||||||||||||||||||||
10129600|Due from China Pay-Direct RMB|CPDIR197(A)|ToMerchantPay-95ePay-880115(Available)|Hybrid|China|Debit|RMB| 14.80 | 18.66 |1.260810811|||x||||||||||||||||||||||||||||
10129600|Due from China Pay-Direct RMB|CPDIR197(F)|ToMerchantPay-95ePay-880115(Float)|Hybrid|China|Debit|RMB|||#DIV/0!|||||||||||||||||||||||||||||||
10129600|Due from China Pay-Direct RMB|CPDIR198(A)|HaiPay-FL-172(Available)|Voucher|China|Debit|RMB| 85.76 | 108.43 |1.264342351|||x||||||||||||||||||||||||||||
10129600|Due from China Pay-Direct RMB|CPDIR198(F)|HaiPay-FL-172(Float)|Voucher|China|Debit|RMB|||#DIV/0!|||||||||||||||||||||||||||||||
10129600|Due from China Pay-Direct RMB|CPDIR200(A)|Xiao-Baofoo-202(Available)|Hybrid|China|Debit|RMB| 1,904,417.88 | 2,417,082.47 |1.26919753|||x||||||||||||||||||||||||||||
10129600|Due from China Pay-Direct RMB|CPDIR200(F)|Xiao-Baofoo-202(Float)|Hybrid|China|Debit|RMB|||#DIV/0!|||||||||||||||||||||||||||||||
10129600|Due from China Pay-Direct RMB|CPDIR201(A)|HaiPay-FL-170(Available)|Hybrid|China|Debit|RMB| 136,667.08 | 173,281.35 |1.267908482|||x||||||||||||||||||||||||||||
10129600|Due from China Pay-Direct RMB|CPDIR201(F)|HaiPay-FL-170(Float)|Hybrid|China|Debit|RMB|||#DIV/0!|||||||||||||||||||||||||||||||
10129600|Due from China Pay-Direct RMB|CPDIR202(A)|YeePay-YeePay-9086(Available)|Gateway|China|Debit|RMB| 1,953,920.14 | 2,474,422.35 |1.266388682|||x||||||||||||||||||||||||||||
10129600|Due from China Pay-Direct RMB|CPDIR202(F)|YeePay-YeePay-9086(Float)|Gateway|China|Debit|RMB|||#DIV/0!|||||||||||||||||||||||||||||||
10129600|Due from China Pay-Direct RMB|CPDIR203(A)|YeePay-YeePay-9117(Available)|Hybrid|China|Debit|RMB| 52.38 | 66.14 |1.262695685|||x||||||||||||||||||||||||||||
10129600|Due from China Pay-Direct RMB|CPDIR203(F)|YeePay-YeePay-9117(Float)|Hybrid|China|Debit|RMB|||#DIV/0!|||||||||||||||||||||||||||||||
10129600|Due from China Pay-Direct RMB|CPDIR204(A)|Xiao-Baofoo-204(Available)|Voucher|China|Debit|RMB| 64.03 | 80.90 |1.263470248|||x||||||||||||||||||||||||||||
10129600|Due from China Pay-Direct RMB|CPDIR204(F)|Xiao-Baofoo-204(Float)|Voucher|China|Debit|RMB|||#DIV/0!|||||||||||||||||||||||||||||||
10129600|Due from China Pay-Direct RMB|CPDIR205(A)|Xiao-Baofoo-205(Available)|Hybrid|China|Debit|RMB| 11,838.52 | 15,047.06 |1.271025432|||x||||||||||||||||||||||||||||
10129600|Due from China Pay-Direct RMB|CPDIR205(F)|Xiao-Baofoo-205(Float)|Hybrid|China|Debit|RMB|||#DIV/0!|||||||||||||||||||||||||||||||
10129600|Due from China Pay-Direct RMB|CPDIR206(A)|Xiao-UnicomPay-208(Available)|Hybrid|China|Debit|RMB| 2,878,378.66 | 3,621,498.82 |1.258173176|||x||||||||||||||||||||||||||||
10129600|Due from China Pay-Direct RMB|CPDIR206(F)|Xiao-UnicomPay-208(Float)|Hybrid|China|Debit|RMB|||#DIV/0!|||||||||||||||||||||||||||||||
10129600|Due from China Pay-Direct RMB|CPDIR207(A)|YeePay-YeePay-5785(Available)|Hybrid|China|Debit|RMB| 1,583,253.59 | 2,004,240.44 |1.265899823|||x||||||||||||||||||||||||||||
10129600|Due from China Pay-Direct RMB|CPDIR207(F)|YeePay-YeePay-5785(Float)|Hybrid|China|Debit|RMB|||#DIV/0!|||||||||||||||||||||||||||||||
10129600|Due from China Pay-Direct RMB|CPDIR209(A)|HaiPay-FL-174(Available)|Hybrid|China|Debit|RMB| 1,489,112.12 | 1,875,144.61 |1.259236685|||x||||||||||||||||||||||||||||
10129600|Due from China Pay-Direct RMB|CPDIR209(F)|HaiPay-FL-174(Float)|Hybrid|China|Debit|RMB|||#DIV/0!|||||||||||||||||||||||||||||||
10129600|Due from China Pay-Direct RMB|CPDIR210(A)|HaiPay-FL-175(Available)|Hybrid|China|Debit|RMB| 1,214,958.81 | 1,509,060.42 |1.242067145|||x||||||||||||||||||||||||||||
10129600|Due from China Pay-Direct RMB|CPDIR210(F)|HaiPay-FL-175(Float)|Hybrid|China|Debit|RMB|||#DIV/0!|||||||||||||||||||||||||||||||
10129600|Due from China Pay-Direct RMB|CPDIR211(A)|HaiPay-FL-176(Available)|Hybrid|China|Debit|RMB| 1,116,628.71 | 1,395,387.04 |1.249642811|||x||||||||||||||||||||||||||||
10129600|Due from China Pay-Direct RMB|CPDIR211(F)|HaiPay-FL-176(Float)|Hybrid|China|Debit|RMB|||#DIV/0!|||||||||||||||||||||||||||||||
10129600|Due from China Pay-Direct RMB|CPDIR212(A)|HaiPay-FL-177(Available)|Hybrid|China|Debit|RMB| 1,782,305.63 | 2,250,234.72 |1.262541442|||x||||||||||||||||||||||||||||
10129600|Due from China Pay-Direct RMB|CPDIR212(F)|HaiPay-FL-177(Float)|Hybrid|China|Debit|RMB|||#DIV/0!|||||||||||||||||||||||||||||||
10129600|Due from China Pay-Direct RMB|CPDIR213(A)|HaiPay-FL-178(Available)|Hybrid|China|Debit|RMB| 1,844,970.16 | 2,311,754.77 |1.253003881|||x||||||||||||||||||||||||||||
10129600|Due from China Pay-Direct RMB|CPDIR213(F)|HaiPay-FL-178(Float)|Hybrid|China|Debit|RMB|||#DIV/0!|||||||||||||||||||||||||||||||
10129600|Due from China Pay-Direct RMB|CPDIR214(A)|Xiao-Baofoo-212(Available)|Hybrid|China|Debit|RMB| 494,979.65 | 606,982.14 |1.226276959|||x||||||||||||||||||||||||||||
10129600|Due from China Pay-Direct RMB|CPDIR214(F)|Xiao-Baofoo-212(Float)|Hybrid|China|Debit|RMB|||#DIV/0!|||||||||||||||||||||||||||||||
10129600|Due from China Pay-Direct RMB|CPDIR215(A)|Xiao-Baofoo-213(Available)|Hybrid|China|Debit|RMB| 1,362,598.63 | 1,694,453.43 |1.243545526|||x||||||||||||||||||||||||||||
10129600|Due from China Pay-Direct RMB|CPDIR215(F)|Xiao-Baofoo-213(Float)|Hybrid|China|Debit|RMB|||#DIV/0!|||||||||||||||||||||||||||||||
10129600|Due from China Pay-Direct RMB|CPDIR216(A)|Xiao-Baofoo-214(Available)|Hybrid|China|Debit|RMB| 773,739.45 | 948,491.55 |1.225853936|||x||||||||||||||||||||||||||||
10129600|Due from China Pay-Direct RMB|CPDIR216(F)|Xiao-Baofoo-214(Float)|Hybrid|China|Debit|RMB|||#DIV/0!|||||||||||||||||||||||||||||||
10129600|Due from China Pay-Direct RMB|CPDIR217(A)|HaiPay-HaiPay-2236(Available)|Hybrid|China|Debit|RMB| 2,659,364.93 | 3,354,948.00 |1.261559842|||x||||||||||||||||||||||||||||
10129600|Due from China Pay-Direct RMB|CPDIR217(F)|HaiPay-HaiPay-2236(Float)|Hybrid|China|Debit|RMB|||#DIV/0!|||||||||||||||||||||||||||||||
10129600|Due from China Pay-Direct RMB|CPDIR218(A)|LinkinPay-ECPSS-055(Available)|Hybrid|China|Debit|RMB| 496,372.30 | 624,398.00 |1.257922733|||x||||||||||||||||||||||||||||
10129600|Due from China Pay-Direct RMB|CPDIR218(F)|LinkinPay-ECPSS-055(Float)|Hybrid|China|Debit|RMB|||#DIV/0!|||||||||||||||||||||||||||||||
10129600|Due from China Pay-Direct RMB|CPDIR220(A)|eSkyPay-HNAPay-1801(Available)|Hybrid|China|Debit|RMB| 297,957.23 | 379,690.46 |1.274311954|||x||||||||||||||||||||||||||||
10129600|Due from China Pay-Direct RMB|CPDIR220(F)|eSkyPay-HNAPay-1801(Float)|Hybrid|China|Debit|RMB|||#DIV/0!|||||||||||||||||||||||||||||||
10129600|Due from China Pay-Direct RMB|CPDIR221(A)|AllInPay-AllInPay-2001(Available)|Hybrid|China|Debit|RMB| -   | -   |#DIV/0!|||x||||||||||||||||||||||||||||
10129600|Due from China Pay-Direct RMB|CPDIR221(F)|AllInPay-AllInPay-2001(Float)|Hybrid|China|Debit|RMB|||#DIV/0!|||||||||||||||||||||||||||||||
10129600|Due from China Pay-Direct RMB|CPDIR222(A)|AllInPay-AllInPay-2002(Available)|Hybrid|China|Debit|RMB| -   | -   |#DIV/0!|||x||||||||||||||||||||||||||||
10129600|Due from China Pay-Direct RMB|CPDIR222(F)|AllInPay-AllInPay-2002(Float)|Hybrid|China|Debit|RMB|||#DIV/0!|||||||||||||||||||||||||||||||
10129600|Due from China Pay-Direct RMB|CPDIR223(A)|LinkinPay-eBatong-056(Available)|Hybrid|China|Debit|RMB| -   | -   |#DIV/0!|||x||||||||||||||||||||||||||||
10129600|Due from China Pay-Direct RMB|CPDIR223(F)|LinkinPay-eBatong-056(Float)|Hybrid|China|Debit|RMB|||#DIV/0!|||||||||||||||||||||||||||||||
10129600|Due from China Pay-Direct RMB|CPDIR224(A)|Xiao-UnicomPay-209(Available)|Hybrid|China|Debit|RMB| -   | -   |#DIV/0!|||x||||||||||||||||||||||||||||
10129600|Due from China Pay-Direct RMB|CPDIR224(F)|Xiao-UnicomPay-209(Float)|Hybrid|China|Debit|RMB|||#DIV/0!|||||||||||||||||||||||||||||||
10129600|Due from China Pay-Direct RMB|CPDIR225(A)|Xiao-UnicomPay-210(Available)|Hybrid|China|Debit|RMB| -   | -   |#DIV/0!|||x||||||||||||||||||||||||||||
10129600|Due from China Pay-Direct RMB|CPDIR225(F)|Xiao-UnicomPay-210(Float)|Hybrid|China|Debit|RMB|||#DIV/0!|||||||||||||||||||||||||||||||
10129600|Due from China Pay-Direct RMB|CPDIR226(A)|HaiPay-FL-180(Available)|Voucher|China|Debit|RMB| -   | -   |#DIV/0!|||x||||||||||||||||||||||||||||
10129600|Due from China Pay-Direct RMB|CPDIR226(F)|HaiPay-FL-180(Float)|Voucher|China|Debit|RMB|||#DIV/0!|||||||||||||||||||||||||||||||
10129600|Due from China Pay-Direct RMB|CPDIR227(A)|HaiPay-FL-181(Available)|Voucher|China|Debit|RMB| -   | -   |#DIV/0!|||x||||||||||||||||||||||||||||
10129600|Due from China Pay-Direct RMB|CPDIR227(F)|HaiPay-FL-181(Float)|Voucher|China|Debit|RMB|||#DIV/0!|||||||||||||||||||||||||||||||
10129600|Due from China Pay-Direct RMB|CPDIR228(A)|HaiPay-FL-182(Available)|Voucher|China|Debit|RMB| -   | -   |#DIV/0!|||x||||||||||||||||||||||||||||
10129600|Due from China Pay-Direct RMB|CPDIR228(F)|HaiPay-FL-182(Float)|Voucher|China|Debit|RMB|||#DIV/0!|||||||||||||||||||||||||||||||
10129600|Due from China Pay-Direct RMB|CPDIR229(A)|HaiPay-FL-183(Available)|Voucher|China|Debit|RMB| -   | -   |#DIV/0!|||x||||||||||||||||||||||||||||
10129600|Due from China Pay-Direct RMB|CPDIR229(F)|HaiPay-FL-183(Float)|Voucher|China|Debit|RMB|||#DIV/0!|||||||||||||||||||||||||||||||
10129600|Due from China Pay-Direct RMB|CPDIR230(A)|HaiPay-FL-184(Available)|Voucher|China|Debit|RMB| -   | -   |#DIV/0!|||x||||||||||||||||||||||||||||
10129600|Due from China Pay-Direct RMB|CPDIR230(F)|HaiPay-FL-184(Float)|Voucher|China|Debit|RMB|||#DIV/0!|||||||||||||||||||||||||||||||
10129600|Due from China Pay-Direct RMB|CPDIR231(A)|HaiPay-FL-185(Available)|Voucher|China|Debit|RMB| -   | -   |#DIV/0!|||x||||||||||||||||||||||||||||
10129600|Due from China Pay-Direct RMB|CPDIR231(F)|HaiPay-FL-185(Float)|Voucher|China|Debit|RMB|||#DIV/0!|||||||||||||||||||||||||||||||
10129600|Due from China Pay-Direct RMB|CPDIR232(A)|HaiPay-HaiPay-2243(Available)|Voucher|China|Debit|RMB| -   | -   |#DIV/0!|||x||||||||||||||||||||||||||||
10129600|Due from China Pay-Direct RMB|CPDIR232(F)|HaiPay-HaiPay-2243(Float)|Voucher|China|Debit|RMB|||#DIV/0!|||||||||||||||||||||||||||||||
10129600|Due from China Pay-Direct RMB|CPDIR233(A)|YeePay-YeePay-0790(Available)|Hybrid|China|Debit|RMB| -   | -   |#DIV/0!|||x||||||||||||||||||||||||||||
10129600|Due from China Pay-Direct RMB|CPDIR233(F)|YeePay-YeePay-0790(Float)|Hybrid|China|Debit|RMB|||#DIV/0!|||||||||||||||||||||||||||||||
10129600|Due from China Pay-Direct RMB|CPDIR234(A)|LinkinPay-eBatong-058(Available)|Hybrid|China|Debit|RMB| -   | -   |#DIV/0!|||x||||||||||||||||||||||||||||
10129600|Due from China Pay-Direct RMB|CPDIR234(F)|LinkinPay-eBatong-058(Float)|Hybrid|China|Debit|RMB|||#DIV/0!|||||||||||||||||||||||||||||||
10129600|Due from China Pay-Direct RMB|CPOFF001|PSP - Alan - Deposit|Offline|China|Debit|RMB|||#DIV/0!|||||||||||||||||||||||||||||||
10129600|Due from China Pay-Direct RMB|CPOFF002|PSP - Ngan - Deposit|Offline|China|Debit|RMB|||#DIV/0!|||||||||||||||||||||||||||||||
10129600|Due from China Pay-Direct RMB|CPOFF003|PSP - Peng - Deposit|Offline|China|Debit|RMB|||#DIV/0!|||||||||||||||||||||||||||||||
10129600|Due from China Pay-Direct RMB|CPOFF004|PSP - Xiao - Deposit|Offline|China|Debit|RMB|||#DIV/0!|||||||||||||||||||||||||||||||
10129600|Due from China Pay-Direct RMB|CPOFF005|PSP - Chan - Deposit |Offline|China|Debit|RMB|||#DIV/0!|||||||||||||||||||||||||||||||
10129600|Due from China Pay-Direct RMB|CPOFF006|PSP - Alan Payout|Offline|China|Debit|RMB|||#DIV/0!|||||||||||||||||||||||||||||||
10129600|Due from China Pay-Direct RMB|CPOFF007|PSP - Ngan Payout|Offline|China|Debit|RMB|||#DIV/0!|||||||||||||||||||||||||||||||
10129600|Due from China Pay-Direct RMB|CPOFF008|PSP - Peng Payout|Offline|China|Debit|RMB|||#DIV/0!|||||||||||||||||||||||||||||||
10129600|Due from China Pay-Direct RMB|CPOFF009|PSP - Xiao Payout|Offline|China|Debit|RMB|||#DIV/0!|||||||||||||||||||||||||||||||
10129600|Due from China Pay-Direct RMB|CPOFF010|PSP - Chan Payout|Offline|China|Debit|RMB|||#DIV/0!|||||||||||||||||||||||||||||||
10129600|Due from China Pay-Direct RMB|CPOFF011|PSP - Alan Intermediate|Offline|China|Debit|RMB|||#DIV/0!|||||||||||||||||||||||||||||||
10129600|Due from China Pay-Direct RMB|CPOFF012|PSP - Ngan Intermediate|Offline|China|Debit|RMB|||#DIV/0!|||||||||||||||||||||||||||||||
10129600|Due from China Pay-Direct RMB|CPOFF013|PSP - Peng Intermediate|Offline|China|Debit|RMB|||#DIV/0!|||||||||||||||||||||||||||||||
10129600|Due from China Pay-Direct RMB|CPOFF014|PSP - Xiao Intermediate|Offline|China|Debit|RMB|||#DIV/0!|||||||||||||||||||||||||||||||
10129600|Due from China Pay-Direct RMB|CPOFF015|PSP - Chan Intermediate|Offline|China|Debit|RMB|||#DIV/0!|||||||||||||||||||||||||||||||
10129600|Due from China Pay-Direct RMB|CPOFF016|PSP - Alan Pending Deposit|Offline|China|Debit|RMB|||#DIV/0!|||||||||||||||||||||||||||||||
10129600|Due from China Pay-Direct RMB|CPOFF017|PSP - Ngan Pending Deposit|Offline|China|Debit|RMB|||#DIV/0!|||||||||||||||||||||||||||||||
10129600|Due from China Pay-Direct RMB|CPOFF018|PSP - Peng Pending Deposit|Offline|China|Debit|RMB|||#DIV/0!|||||||||||||||||||||||||||||||
10129600|Due from China Pay-Direct RMB|CPOFF019|PSP - Xiao Pending Deposit|Offline|China|Debit|RMB|||#DIV/0!|||||||||||||||||||||||||||||||
10129600|Due from China Pay-Direct RMB|CPOFF020|PSP - Chan Pending Deposit|Offline|China|Debit|RMB|||#DIV/0!|||||||||||||||||||||||||||||||
10129600|Due from China Pay-Direct RMB|CPOFF021|PSP - Alan Pending Payout|Offline|China|Debit|RMB|||#DIV/0!|||||||||||||||||||||||||||||||
10129600|Due from China Pay-Direct RMB|CPOFF022|PSP - Ngan Pending Payout|Offline|China|Debit|RMB|||#DIV/0!|||||||||||||||||||||||||||||||
10129600|Due from China Pay-Direct RMB|CPOFF023|PSP - Peng Pending Payout|Offline|China|Debit|RMB|||#DIV/0!|||||||||||||||||||||||||||||||
10129600|Due from China Pay-Direct RMB|CPOFF024|PSP - Xiao Pending Payout|Offline|China|Debit|RMB|||#DIV/0!|||||||||||||||||||||||||||||||
10129600|Due from China Pay-Direct RMB|CPOFF025|PSP - Chan Pending Payout|Offline|China|Debit|RMB|||#DIV/0!|||||||||||||||||||||||||||||||
10129600|Due from China Pay-Direct RMB|CPOFF026|PSP - Alan Unreconciled |Offline|China|Debit|RMB|||#DIV/0!|||||||||||||||||||||||||||||||
10129600|Due from China Pay-Direct RMB|CPOFF027|PSP - Ngan Unreconciled |Offline|China|Debit|RMB|||#DIV/0!|||||||||||||||||||||||||||||||
10129600|Due from China Pay-Direct RMB|CPOFF028|PSP - Peng Unreconciled |Offline|China|Debit|RMB|||#DIV/0!|||||||||||||||||||||||||||||||
10129600|Due from China Pay-Direct RMB|CPOFF029|PSP - Xiao Unreconciled |Offline|China|Debit|RMB|||#DIV/0!|||||||||||||||||||||||||||||||
10129600|Due from China Pay-Direct RMB|CPOFF030|PSP - Chan Unreconciled |Offline|China|Debit|RMB|||#DIV/0!|||||||||||||||||||||||||||||||
10129600|Due from China Pay-Direct RMB|CPOFF031|PSP China Offline Payout in Transit|Offline|China|Debit|RMB|||#DIV/0!|||||||||||||||||||||||||||||||
10129600|Due from China Pay-Direct RMB||PSP - Alan Pending Fund|Offline|China|Debit|RMB|||#DIV/0!|||||||||||||||||||||||||||||||
10129600|Due from China Pay-Direct RMB||PSP - Ngan Pending Fund|Offline|China|Debit|RMB|||#DIV/0!|||||||||||||||||||||||||||||||
10129600|Due from China Pay-Direct RMB||PSP - Peng Pending Fund|Offline|China|Debit|RMB|||#DIV/0!|||||||||||||||||||||||||||||||
10129600|Due from China Pay-Direct RMB||PSP - Xiao Pending Fund|Offline|China|Debit|RMB|||#DIV/0!|||||||||||||||||||||||||||||||
10129600|Due from China Pay-Direct RMB||PSP - Chan Pending Fund|Offline|China|Debit|RMB|||#DIV/0!|||||||||||||||||||||||||||||||
10129600|Due from China Pay-Direct RMB|PSPBT001|PSP Balance Transfer  - Gateway|Gateway|China|Debit|RMB|||#DIV/0!|||||||||||||||||||||||||||||||
10129600|Due from China Pay-Direct RMB|PSPBT002|PSP Balance Transfer - Hybrid|Hybrid|China|Debit|RMB|||#DIV/0!|||||||||||||||||||||||||||||||
10129600|Due from China Pay-Direct RMB|PSPBT003|PSP Balance Transfer  - Offline|Offline|China|Debit|RMB|||#DIV/0!|||||||||||||||||||||||||||||||
10129600|Due from China Pay-Direct RMB|PSPBT004|PSP Balance Transfer  - Mobile|Mobile|China|Debit|RMB|||#DIV/0!|||||||||||||||||||||||||||||||
10129600|Due from China Pay-Direct RMB|PSPBT005|PSP Balance Transfer  - Voucher|Voucher|China|Debit|RMB|||#DIV/0!|||||||||||||||||||||||||||||||
10129610|Remittance in transit - Direct|REMIT.TRAN.-E-SPARK(A)|Money Broker - Alan-Available|Hybrid|China|Debit|RMB| 927,043.07 | 1,070,994.91 |1.155280639|product not identified||x||||||||||||||||||||||||||||
10129610|Remittance in transit - Direct|REMIT.TRAN.-E-SPARK(T)|Money Broker - Alan-Transit|Hybrid|China|Debit|RMB|||#DIV/0!|product not identified||||||||||||||||||||||||||||||
10129610|Remittance in transit - Direct|REMIT.TRAN.-NGAN(A)|Money Broker - Mr. Ngan-Available|Hybrid|China|Debit|RMB| 11,295,103.92 | 13,836,721.69 |1.225019423|product not identified||x||||||||||||||||||||||||||||
10129610|Remittance in transit - Direct|REMIT.TRAN.-NGAN(T)|Money Broker - Mr. Ngan-Transit|Hybrid|China|Debit|RMB|||#DIV/0!|product not identified||||||||||||||||||||||||||||||
10129610|Remittance in transit - Direct|REMIT.TRAN.-Wilson(A)|Money Broker - Wilson-Available|Hybrid|China|Credit|HKD| (1,451,910.31)| (1,451,910.31)|1|product not identified||x||||||||||||||||||||||||||||
10129610|Remittance in transit - Direct|REMIT.TRAN.-Wilson(T)|Money Broker - Wilson-Transit|Hybrid|China|Debit|RMB|||#DIV/0!|product not identified||||||||||||||||||||||||||||||
10129610|Remittance in transit - Direct|REMIT.TRAN.-Xiao(A)|Money Broker - Xiao-Available|Hybrid|China|Debit|RMB| 8,214,716.69 | 10,286,696.48 |1.252227784|product not identified||x||||||||||||||||||||||||||||
10129610|Remittance in transit - Direct|REMIT.TRAN.-Xiao(T)|Money Broker - Xiao-Transit|Hybrid|China|Debit|RMB|||#DIV/0!|product not identified||||||||||||||||||||||||||||||
10129610|Remittance in transit - Direct|REMIT.TRAN.-Liao Offline TW|Money Broker - Liao Offline|Offline|Taiwan|Debit|TWD| 6,763,800.00 | 1,764,806.33 |0.260919355|||x||||||||||||||||||||||||||||
10129610|Remittance in transit - Direct|REMIT.TRAN.-Peng_01(A)|MB - Peng_online_01-Available|Hybrid|China|Debit|RMB| 6,595,114.17 | 8,356,708.27 |1.267105929|||x||||||||||||||||||||||||||||
10129610|Remittance in transit - Direct|REMIT.TRAN.-Peng_01(T)|MB - Peng_online_01-Transit|Hybrid|China|Debit|RMB|||#DIV/0!|||||||||||||||||||||||||||||||
10129610|Remittance in transit - Direct|REMIT.TRAN.-Peng_02(A)|MB - Peng_online_02-Available|Hybrid|China|Debit|RMB| 1,101,268.45 | 1,395,676.06 |1.267335008|||x||||||||||||||||||||||||||||
10129610|Remittance in transit - Direct|REMIT.TRAN.-Peng_02(T)|MB - Peng_online_02-Transit|Hybrid|China|Debit|RMB|||#DIV/0!|||||||||||||||||||||||||||||||
10129610|Remittance in transit - Direct|Pay-in-Transit - Offline|Pay-in-Tranist to Merchant - Offline|Offline|China|Credit|HKD| (12,551.71)| (12,551.71)|1|||x||||||||||||||||||||||||||||
10129610|Remittance in transit - Direct|Pay-in-Transit - Hybrid|Pay-in-Transit to Merchant - Hybrid|Hybrid|China|Credit|HKD| (69,724,449.10)| (69,724,449.10)|1|||x||||||||||||||||||||||||||||
10129610|Remittance in transit - Direct|Pay-in-Transit - WebATM|Pay-in-Transit to Merchant - WebATM|WebATM|Taiwan|Debit|HKD| -   | -   |#DIV/0!|||||||||||||||||||||||||||||||
10129610|Remittance in transit - Direct|Pay-in-Transit - Gateway|Pay-in-Transit to Merchant - Gateway|Gateway|China|Debit|HKD| 20,791.66 | 20,791.66 |1|||x||||||||||||||||||||||||||||
10129610|Remittance in transit - Direct|Pay-in-Transit - Gateway|Pay-in-Transit to Merchant - Gateway|Gateway|China|Credit|HKD| (11,977,884.90)| (11,977,884.90)|1|||x||||||||||||||||||||||||||||
10129610|Remittance in transit - Direct|Pay-in-Transit - Gateway|Pay-in-Transit to Merchant - Gateway|Gateway|China|Credit|USD| (273,418.09)| (2,124,676.84)|7.77079834|||x||||||||||||||||||||||||||||
10129610|Remittance in transit - Direct|Pay-in-Transit - Mobile|Pay-in-Transit to Merchant - Mobile |Mobile|China|Debit|RMB|||#DIV/0!|||||||||||||||||||||||||||||||
10129610|Remittance in transit - Direct|Pay-in-Transit - Voucher|Pay-in-Transit to Merchant - Voucher|Voucher|China|Debit|RMB|||#DIV/0!|||||||||||||||||||||||||||||||
10129610|Remittance in transit - Direct|MBCNOFF001|Money Broker CN - Alan - 01|Offline|China|Debit|RMB|||#DIV/0!|||||||||||||||||||||||||||||||
10129610|Remittance in transit - Direct|MBCNOFF002|Money Broker CN - Ngan - 01|Offline|China|Debit|RMB|||#DIV/0!|||||||||||||||||||||||||||||||
10129610|Remittance in transit - Direct|MBCNOFF003|Money Broker CN - Peng - 01|Offline|China|Debit|RMB|||#DIV/0!|||||||||||||||||||||||||||||||
10129610|Remittance in transit - Direct|MBCNOFF004|Money Broker CN - Peng - 02|Offline|China|Debit|RMB|||#DIV/0!|||||||||||||||||||||||||||||||
10129610|Remittance in transit - Direct|MBCNOFF005|Money Broker CN - Chan - 01|Offline|China|Debit|RMB|||#DIV/0!|||||||||||||||||||||||||||||||
10129610|Remittance in transit - Direct|MBCNOFF006|Money Broker CN - Alan - 01 Transit|Offline|China|Debit|RMB|||#DIV/0!|||||||||||||||||||||||||||||||
10129610|Remittance in transit - Direct|MBCNOFF007|Money Broker CN - Ngan - 01 Transit|Offline|China|Debit|RMB|||#DIV/0!|||||||||||||||||||||||||||||||
10129610|Remittance in transit - Direct|MBCNOFF008|Money Broker CN - Peng - 01 Transit|Offline|China|Debit|RMB|||#DIV/0!|||||||||||||||||||||||||||||||
10129610|Remittance in transit - Direct|MBCNOFF009|Money Broker CN - Peng - 02 Transit|Offline|China|Debit|RMB|||#DIV/0!|||||||||||||||||||||||||||||||
10129610|Remittance in transit - Direct|MBCNOFF010|Money Broker CN - Chan - 01 Transit|Offline|China|Debit|RMB|||#DIV/0!|||||||||||||||||||||||||||||||
12109100|Accrued Receivables - MOP|AR-BUSINESS-HKD|Other Accounts Receivable |Hybrid|China|Debit|HKD| 6,003,162.87 | 6,003,162.87 |1|product and country not identified||x||||||||||||||||||||||||||||
12109100|Accrued Receivables - MOP|AR-BUSINESS-RMB|Other Accounts Receivable |Hybrid|China|Credit|RMB| (21,445,302.79)| (26,156,443.69)|1.219681715|product and country not identified||x||||||||||||||||||||||||||||
12109100|Accrued Receivables - MOP|AR-BUSINESS-TWD|Other Accounts Receivable|WebATM|Taiwan|Debit|HKD| 3,705.22 | 3,705.22 |1|||x||||||||||||||||||||||||||||
12109100|Accrued Receivables - MOP|Other A/R - Bank-in-transit|Other Accounts Receivable - Bank-in-transit|Offline|China|Credit|RMB| (903,991.54)| (1,129,496.51)|1.249454735|||x||||||||||||||||||||||||||||
12229100|Accrued Receivables - TWD|WALMB-TWD(A)|Money Broker - Mr. Liao-Available|WebATM|Taiwan|Debit|TWD|||#DIV/0!|||||||||||||||||||||||||||||||
12229100|Accrued Receivables - TWD|WALMB-TWD(T)|Money Broker - Mr. Liao-Transit|WebATM|Taiwan|Debit|TWD|||#DIV/0!|||||||||||||||||||||||||||||||
12229100|Accrued Receivables - TWD|MBTWOFF001|Money Broker TW - Liao - 01|Offline|Taiwan|Debit|TWD|||#DIV/0!|||||||||||||||||||||||||||||||
12229100|Accrued Receivables - TWD|MBTWOFF002|Money Broker TW - Liao - 01 Transit|Offline|Taiwan|Debit|TWD|||#DIV/0!|||||||||||||||||||||||||||||||
12229101|Due from Taiwan Processor - TWD|CPDIR167(A)|TWV-TWV-130601(Available)|WebATM|Taiwan|Debit|TWD| 19,121,364.00 | 5,053,282.72 |0.264274176|||x||||||||||||||||||||||||||||
12229101|Due from Taiwan Processor - TWD|CPDIR167(F)|TWV-TWV-130601(Float)|WebATM|Taiwan|Debit|TWD|||#DIV/0!|||||||||||||||||||||||||||||||
12229101|Due from Taiwan Processor - TWD|CPDIR170(A)|PSP Temperory - Taiwan WebATM(Available)|WebATM|Taiwan|Debit|TWD| -   | -   |#DIV/0!|||||||||||||||||||||||||||||||
12229101|Due from Taiwan Processor - TWD|CPDIR170(F)|PSP Temperory - Taiwan WebATM(Float)|WebATM|Taiwan|Debit|TWD|||#DIV/0!|||||||||||||||||||||||||||||||
12229101|Due from Taiwan Processor - TWD|CPDIR154|Mr Peng-Offline Taiwan-001|Offline|Taiwan|Debit|TWD| 107,625.00 | 28,950.19 |0.268991312|||x||||||||||||||||||||||||||||
12229101|Due from Taiwan Processor - TWD|TWOFF001|PSP - Peng - TW Depsoit|Offline|Taiwan|Debit|TWD|||#DIV/0!|||||||||||||||||||||||||||||||
12229101|Due from Taiwan Processor - TWD|TWOFF002|PSP - Peng - TW Payout|Offline|Taiwan|Debit|TWD|||#DIV/0!|||||||||||||||||||||||||||||||
12229101|Due from Taiwan Processor - TWD|TWOFF003|PSP - Peng - TW Intermediate|Offline|Taiwan|Debit|TWD|||#DIV/0!|||||||||||||||||||||||||||||||
12229101|Due from Taiwan Processor - TWD|TWOFF004|PSP - Peng - TW Pendig Depsoit|Offline|Taiwan|Debit|TWD|||#DIV/0!|||||||||||||||||||||||||||||||
12229101|Due from Taiwan Processor - TWD|TWOFF005|PSP - Peng - TW Pending Payout|Offline|Taiwan|Debit|TWD|||#DIV/0!|||||||||||||||||||||||||||||||
15000732| PLC/NetOps|Intercom. QA001|Intercom. QA-Expense - HKD|Hybrid|China|Debit|HKD| 611,156,288.53 | 611,156,288.53 |1|product and country not identified||x||||||||||||||||||||||||||||
20000112|Accounts Payable - HKD|AP-BUSINESS-HKD|Accounts Payable- Misc.|Hybrid|China|Debit|HKD| 6,108,852.30 | 6,108,852.30 |1|product and country not identified||x||||||||||||||||||||||||||||
20000112|Accounts Payable - HKD|MERCHANT PAYABLE-RMB|Accounts Payable- Misc.|Hybrid|China|Credit|RMB| (7,614,353.14)| (9,269,635.79)|1.217389793|product not identified||x||||||||||||||||||||||||||||
20000112|Accounts Payable - HKD|MERCHANT PAYABLE-TWD|Accounts Payable- Misc.|Offline|Taiwan|Credit|TWD| (19,363.00)| (5,045.47)|0.260572742|product not identified||x||||||||||||||||||||||||||||
20000112|Accounts Payable - HKD|MERCHANT BT001|Merchant Balance Transfer HKD - Gateway|Gateway|China|Debit|HKD| -   | -   |#DIV/0!|||||||||||||||||||||||||||||||
20000112|Accounts Payable - HKD|MERCHANT BT002|Merchant Balance Transfer HKD - Hybrid|Hybrid|China|Debit|HKD| -   | -   |#DIV/0!|||||||||||||||||||||||||||||||
20000112|Accounts Payable - HKD|MERCHANT BT003|Merchant Balance Transfer HKD - Offline|Offline|China|Debit|HKD| -   | -   |#DIV/0!|||||||||||||||||||||||||||||||
20000112|Accounts Payable - HKD|MERCHANT BT004|Merchant Balance Transfer HKD - Mobile|Mobile|China|Debit|HKD| -   | -   |#DIV/0!|||||||||||||||||||||||||||||||
20000112|Accounts Payable - HKD|MERCHANT BT005|Merchant Balance Transfer RMB - Gateway|Gateway|China|Debit|RMB| -   | -   |#DIV/0!|||||||||||||||||||||||||||||||
20000112|Accounts Payable - HKD|MERCHANT BT006|Merchant Balance Transfer RMB - Hybrid|Hybrid|China|Debit|RMB| -   | -   |#DIV/0!|||||||||||||||||||||||||||||||
20000112|Accounts Payable - HKD|MERCHANT BT007|Merchant Balance Transfer RMB - Offline|Offline|China|Debit|RMB| -   | -   |#DIV/0!|||||||||||||||||||||||||||||||
20000112|Accounts Payable - HKD|MERCHANT BT008|Merchant Balance Transfer RMB - Mobile|Mobile|China|Debit|RMB| -   | -   |#DIV/0!|||||||||||||||||||||||||||||||
20000112|Accounts Payable - HKD|MERCHANT BT009|Merchant Balance Transfer HKD - Voucher|Voucher|China|Debit|HKD| -   | -   |#DIV/0!|||||||||||||||||||||||||||||||
20000112|Accounts Payable - HKD|MERCHANT BT010|Merchant Balance Transfer RMB - Voucher|Voucher|China|Debit|RMB| -   | -   |#DIV/0!|||||||||||||||||||||||||||||||
20000703| PLC/NetOps|Intercom. Offset005|Intercom. Offset - USD|Shared|China|Credit|USD| (3,301,027.50)| (25,589,360.47)|7.751937986|product and country not identified||x||||||||||||||||||||||||||||
20000703| PLC/NetOps|Intercom. Offset006|Intercom. Offset - HKD|Shared|China|Credit|HKD|||#DIV/0!|product and country not identified||||||||||||||||||||||||||||||
20000703| PLC/NetOps|Intercom. Offset007|Intercom. Offset - EUR|Shared|China|Credit|EUR|||#DIV/0!|product and country not identified||||||||||||||||||||||||||||||
20000703| PLC/NetOps|Intercom. Offset008|Intercom. Offset - GBP|Shared|China|Credit|GBP|||#DIV/0!|product and country not identified||||||||||||||||||||||||||||||
20000709|Accrued Transaction Processing|2013 Year-end Adjust.-001|2013 Year-end Adjust.-HKD|Shared|China|Debit|HKD|364,398,432.22|364,398,432.22|1|||x||||||||||||||||||||||||||||
20000709|Accrued Transaction Processing|2013 Year-end Adjust.-002|2013 Year-end Adjust.-RMB|Shared|China|Credit|RMB|-18,882,504.70|-23,926,133.68|1.26710593|||x||||||||||||||||||||||||||||
20000709|Accrued Transaction Processing|2013 Year-end Adjust.-003|2013 Year-end Adjust.-USD|Shared|China|Credit|USD|-5,543,639.62|-42,973,950.54|7.751937984|||x||||||||||||||||||||||||||||
20000709|Accrued Transaction Processing|2013 Year-end Adjust.-004|2013 Year-end Adjust.-EUR|Shared|China|Debit|EUR|1,283,657.40|13,465,408.58|10.48987727|||x||||||||||||||||||||||||||||
20000709|Accrued Transaction Processing|2013 Year-end Adjust.-005|2013 Year-end Adjust.-TWD|Shared|China|Credit|TWD|-5,686,328.20|-1,470,057.19|0.258524858|||x||||||||||||||||||||||||||||
20000709|Accrued Transaction Processing|2013 Year-end Adjust.-006|2013 Year-end Adjust.-GBP|Shared|China|Debit|GBP|266,922.36|3,378,764.05|12.65822785|||x||||||||||||||||||||||||||||
22010210|Due to 1-Pay Direct Merch USD|DIR180124USD|IronFX_NBXA|Gateway|China|Credit|USD| (1,000,000.00)| (7,751,937.98)|7.75193798|||x||||||||||||||||||||||||||||
22010210|Due to 1-Pay Direct Merch USD|DIR180125USD|TradingPoint_NBXA|Gateway|China|Credit|USD| (76,531.08)| (593,264.19)|7.751938036|||x||||||||||||||||||||||||||||
22010210|Due to 1-Pay Direct Merch USD|DIR180127USD|FXOpen_NBXA |Gateway|China|Credit|USD| -   | -   |#DIV/0!|||x||||||||||||||||||||||||||||
22010210|Due to 1-Pay Direct Merch USD|DIR180129USD|EXNESS_NBXA|Gateway|China|Credit|USD| (7,268.38)| (56,344.03)|7.751937846|||x||||||||||||||||||||||||||||
22010210|Due to 1-Pay Direct Merch USD|DIR180130USD|FxPro_NBXA|Gateway|China|Credit|USD| (1,013,101.02)| (7,853,496.28)|7.751937985|||x||||||||||||||||||||||||||||
22010210|Due to 1-Pay Direct Merch USD|DIR180131USD|Alpari_NBXA|Gateway|China|Credit|USD| (9.16)| (71.01)|7.752183406|||x||||||||||||||||||||||||||||
22010210|Due to 1-Pay Direct Merch USD|DIR180132USD|MPay_NBXA|Gateway|China|Credit|USD| (774,427.85)| (6,003,316.67)|7.751937989|||x||||||||||||||||||||||||||||
22020210|Due to 1-Pay Direct Merch GBP|DIR180124GBP|IronFX_NBXA|Gateway|China|Credit|GBP| -   | -   |#DIV/0!|||x||||||||||||||||||||||||||||
22020210|Due to 1-Pay Direct Merch GBP|DIR180127GBP|FXOpen_NBXA|Gateway|China|Credit|GBP| -   | -   |#DIV/0!|||x||||||||||||||||||||||||||||
22030210|Due to 1-Pay Direct Merch EUR|DIR180124EUR|IronFX_NBXA|Gateway|China|Credit|EUR| -   | -   |#DIV/0!|||x||||||||||||||||||||||||||||
22030210|Due to 1-Pay Direct Merch EUR|DIR180125EUR|TradingPoint_NBXA|Gateway|China|Credit|EUR| (1,370.85)| (14,378.19)|10.48852172|||x||||||||||||||||||||||||||||
22030210|Due to 1-Pay Direct Merch EUR|DIR180127EUR|FXOpen_NBXA|Gateway|China|Credit|EUR| -   | -   |#DIV/0!|||x||||||||||||||||||||||||||||
22030210|Due to 1-Pay Direct Merch EUR|DIR180129EUR|EXNESS_NBXA|Gateway|China|Credit|EUR| (97.00)| (1,017.09)|10.48546392|||x||||||||||||||||||||||||||||
22110210|Due to 1-Pay Direct Merch HKD|DIR180121HKD|Bet365_VNET_OLD|Hybrid|China|Credit|HKD| (25,000,000.58)| (25,000,000.58)|1|||x||||||||||||||||||||||||||||
22110210|Due to 1-Pay Direct Merch HKD|DIR180109HKD|offline@cassava.com|Offline|China|Credit|HKD| -   | -   |#DIV/0!|||x||||||||||||||||||||||||||||
22110210|Due to 1-Pay Direct Merch HKD|DIR180127HKD|FXOpen_NBXA |Gateway|China|Credit|HKD| -   | -   |#DIV/0!|||x||||||||||||||||||||||||||||
22120200|Due to 1-Pay Direct Merch RMB|DIR180109RMB|offline@cassava.com|Offline|China|Credit|RMB| (244,708.91)| (294,697.92)|1.204279485|||x||||||||||||||||||||||||||||
22120200|Due to 1-Pay Direct Merch RMB|DIR180106RMB|offline@ladbrokes.com|Offline|China|Debit|RMB| (15,147.97)| 601.61 |-0.039715553|||x||||||||||||||||||||||||||||
22120200|Due to 1-Pay Direct Merch RMB|DIR180100RMB|offline@vcint.com|Offline|China|Debit|RMB| (194.74)| 758,610.89 |-3895.506265|||x||||||||||||||||||||||||||||
22120200|Due to 1-Pay Direct Merch RMB|DIR180110RMB|Bet365_VNET_TEST|Hybrid|China|Credit|RMB| -   | -   |#DIV/0!|||||||||||||||||||||||||||||||
22120200|Due to 1-Pay Direct Merch RMB|DIR180132RMB|MPay_NBXA|Hybrid|China|Credit|RMB| (85,370.89)| (108,195.05)|1.267352958|||x||||||||||||||||||||||||||||
22120200|Due to 1-Pay Direct Merch RMB|DIR180133RMB|Bet365_eVoucher|Voucher|China|Credit|RMB| (12.54)| (15.89)|1.267145136|||x||||||||||||||||||||||||||||
22120200|Due to 1-Pay Direct Merch RMB|DIR180094RMB|LIVE_TEST_VNET|Hybrid|China|Credit|RMB| (10,777.54)| (13,371.08)|1.240643041|||x||||||||||||||||||||||||||||
22120200|Due to 1-Pay Direct Merch RMB|DIR180099RMB|offline@funds365.com|Offline|China|Credit|RMB| (39,016,454.34)| (32,848,617.42)|0.841917032|||x||||||||||||||||||||||||||||
22120200|Due to 1-Pay Direct Merch RMB|DIR180105RMB|technical@1-pay.com (offline)|Offline|China|Credit|RMB| -   | -   |#DIV/0!|||x||||||||||||||||||||||||||||
22120200|Due to 1-Pay Direct Merch RMB|DIR180118RMB|Bet365_VMOBILE|Hybrid|China|Credit|RMB| (7,826,804.16)| (9,826,476.94)|1.25549033|||x||||||||||||||||||||||||||||
22120200|Due to 1-Pay Direct Merch RMB|DIR180119RMB|LIVE_TEST_VMOBILE|Mobile|China|Credit|RMB| (2,237.20)| (2,808.94)|1.255560522|||x||||||||||||||||||||||||||||
22120200|Due to 1-Pay Direct Merch RMB|DIR180120RMB|Bet365_VNET_NEW|Hybrid|China|Credit|RMB| (3,564,586.23)| (4,366,392.84)|1.224936797|||x||||||||||||||||||||||||||||
22120200|Due to 1-Pay Direct Merch RMB|DIR180121RMB|Bet365_VNET_OLD|Hybrid|China|Credit|RMB| (74,104,664.69)| (91,997,651.70)|1.24145561|||x||||||||||||||||||||||||||||
22120200|Due to 1-Pay Direct Merch RMB|DIR180123RMB|LIVE_TEST_NBXA|Gateway|China|Credit|RMB| (102.07)| (128.48)|1.258743999|||x||||||||||||||||||||||||||||
22120200|Due to 1-Pay Direct Merch RMB|DIR180124RMB|IronFX_NBXA|Gateway|China|Credit|RMB| (25,799,584.84)| (32,634,581.46)|1.264926613|||x||||||||||||||||||||||||||||
22120200|Due to 1-Pay Direct Merch RMB|DIR180125RMB|TradingPoint_NBXA|Gateway|China|Credit|RMB| -   | -   |#DIV/0!|||x||||||||||||||||||||||||||||
22120200|Due to 1-Pay Direct Merch RMB|DIR180126RMB|LIVE_TEST_VREFUEL |Voucher|China|Credit|RMB| (184.69)| (233.33)|1.263360225|||x||||||||||||||||||||||||||||
22120200|Due to 1-Pay Direct Merch RMB|DIR180127RMB|FXOpen_NBXA |Gateway|China|Credit|RMB| (122,233.70)| (154,582.08)|1.264643711|||x||||||||||||||||||||||||||||
22120200|Due to 1-Pay Direct Merch RMB|DIR180128RMB|ThinkForex_NBXA|Gateway|China|Credit|RMB| (553,408.74)| (700,578.38)|1.265932988|||x||||||||||||||||||||||||||||
22120200|Due to 1-Pay Direct Merch RMB|DIR180129RMB|EXNESS_NBXA|Gateway|China|Credit|RMB| (2,484,647.20)| (3,140,635.57)|1.264016706|||x||||||||||||||||||||||||||||
22220210|Due to 1-Pay Direct Merch TWD|DIR180094TWD|LIVE_TEST_EC2|WebATM|Taiwan|Credit|TWD| (824.43)| (211.84)|0.256953289|||x||||||||||||||||||||||||||||
22220210|Due to 1-Pay Direct Merch TWD|DIR180117TWD|Bet365_EC2|WebATM|Taiwan|Credit|TWD| (24,758,448.07)| (6,406,446.85)|0.258758014|||x||||||||||||||||||||||||||||
22220210|Due to 1-Pay Direct Merch TWD|DIR180116TWD|Bet365_TWLBP|Offline|Taiwan|Credit|TWD| (3,951,289.06)| (1,007,258.99)|0.254919085|||x||||||||||||||||||||||||||||
30000001|Accum. Loss (Profit)|Accum. P&L-001|2013 Year-end Adjustment Balance|Shared|China|Debit|HKD| -   | 9,944,483.58 |#DIV/0!|||||||||||||||||||||||||||||||
30000001|Accum. Loss (Profit)|Accum. P&L-002|Accum. Profit & Loss|Shared|China|Debit/Credit|HKD|||#DIV/0!|||||||||||||||||||||||||||||||
30000002|Net Loss (Profit) for the Period|Net P&L for the Period|Net P&L for the Period|Shared|China|Debit/Credit|HKD|||#DIV/0!|||||||||||||||||||||||||||||||
||||||||||#DIV/0!|||||||||||||||||||||||||||||||
|||||||||||||||||||||||||||||||||||||||||
|||||||Net Amount|| (0.00)||||||||||||||||||||||||||||||||
|||||||Accounts not in Initial Balance (in HKD )|| 10,014,588.24 ||||||||||||||||||||||||||||||||
|||||||same as 2011 - 2013 CRR TB HKD Balance|| 10,014,588.24 ||||||||||||||||||||||||||||||||
|||||||||||||||||||||||||||||||||||||||||
||||||||||Note: Hard force into HKD for upload purpose|||||||||||||||||||||||||||||||
|||||||||||||||||||||||||||||||||||||||||
|||||||||||||||||||||||||||||||||||||||||
|||||||||||||||||||||||||||||||||||||||||
|||||||||||||||||||||||||||||||||||||||||
|||||||||||||||||||||||||||||||||||||||||
